user_baseline,user_experiment,video1,video2
U01,U02,ph_demo_7,paired_demo_47
U01,U02,paired_demo_43,ph_demo_15
U01,U02,mg_demo_3362,ph_demo_116
U01,U02,ph_demo_44,paired_demo_37
U01,U02,mh_demo_140,mh_demo_2
U01,U02,mg_demo_3362,ph_demo_7
U01,U02,mg_demo_3864,paired_demo_171
U01,U02,paired_demo_37,ph_demo_20
U01,U02,mg_demo_3362,paired_demo_47
U01,U02,mg_demo_2477,mh_demo_140
U01,U02,paired_demo_171,mh_demo_140
U01,U02,mg_demo_2477,paired_demo_53
U01,U02,mg_demo_3390,paired_demo_73
U01,U02,paired_demo_73,paired_demo_37
U01,U02,mg_demo_3706,paired_demo_123
U01,U02,mg_demo_3362,ph_demo_20
U01,U02,mg_demo_3706,ph_demo_7
U01,U02,mg_demo_3106,mh_demo_40
U01,U02,paired_demo_43,paired_demo_191
U01,U02,mg_demo_2477,ph_demo_15
U01,U02,mg_demo_3106,ph_demo_13
U01,U02,ph_demo_44,mh_demo_2
U01,U02,mh_demo_140,paired_demo_191
U01,U02,mg_demo_3362,paired_demo_73
U01,U02,mh_demo_26,paired_demo_191
U01,U02,paired_demo_43,paired_demo_47
U01,U02,paired_demo_171,ph_demo_116
U01,U02,mh_demo_140,ph_demo_15
U01,U02,ph_demo_116,paired_demo_191
U01,U02,ph_demo_13,ph_demo_193
U01,U02,mg_demo_2477,paired_demo_37
U01,U02,mh_demo_26,mh_demo_40
U01,U02,mg_demo_2477,ph_demo_13
U01,U02,mg_demo_3106,paired_demo_73
U01,U02,ph_demo_44,mh_demo_44
U01,U02,ph_demo_193,ph_demo_33
U01,U02,mh_demo_195,paired_demo_191
U01,U02,paired_demo_59,ph_demo_33
U01,U02,mg_demo_3706,mh_demo_2
U01,U02,mg_demo_3362,mh_demo_26
U01,U02,mg_demo_3390,paired_demo_37
U01,U02,paired_demo_123,ph_demo_15
U01,U02,mg_demo_3864,ph_demo_193
U01,U02,paired_demo_171,ph_demo_196
U01,U02,mg_demo_3362,mg_demo_3106
U01,U02,paired_demo_191,paired_demo_47
U01,U02,mh_demo_40,ph_demo_196
U01,U02,mh_demo_40,ph_demo_116
U01,U02,ph_demo_44,ph_demo_15
U01,U02,mh_demo_44,paired_demo_47
U01,U02,mg_demo_2477,paired_demo_191
U01,U02,mg_demo_3390,paired_demo_191
U01,U02,paired_demo_73,paired_demo_59
U01,U02,mh_demo_2,paired_demo_191
U01,U02,mh_demo_2,ph_demo_15
U01,U02,ph_demo_44,mh_demo_195
U01,U02,paired_demo_191,ph_demo_196
U01,U02,mg_demo_3864,paired_demo_53
U01,U02,ph_demo_7,ph_demo_116
U01,U02,ph_demo_13,paired_demo_37
U01,U02,mg_demo_3864,ph_demo_20
U01,U02,paired_demo_171,ph_demo_44
U01,U02,mh_demo_2,paired_demo_59
U01,U02,paired_demo_191,ph_demo_15
U01,U02,paired_demo_43,mh_demo_2
U01,U02,mh_demo_26,paired_demo_47
U01,U02,paired_demo_123,mh_demo_40
U01,U02,paired_demo_171,ph_demo_33
U01,U02,ph_demo_44,paired_demo_191
U01,U02,paired_demo_43,mh_demo_44
U01,U02,mh_demo_40,ph_demo_15
U01,U02,ph_demo_13,paired_demo_73
U01,U02,mh_demo_26,paired_demo_123
U01,U02,paired_demo_171,mh_demo_44
U01,U02,ph_demo_116,ph_demo_20
U01,U02,paired_demo_43,mh_demo_40
U01,U02,mg_demo_3706,ph_demo_13
U01,U02,mg_demo_3362,mh_demo_2
U01,U02,ph_demo_7,paired_demo_59
U01,U02,mh_demo_40,mh_demo_44
U01,U02,mg_demo_3864,mh_demo_195
U01,U02,mh_demo_40,paired_demo_59
U01,U02,mg_demo_3864,ph_demo_116
U01,U02,ph_demo_7,mh_demo_2
U01,U02,mh_demo_140,mh_demo_195
U01,U02,ph_demo_13,mh_demo_2
U01,U02,paired_demo_171,mh_demo_2
U01,U02,paired_demo_43,ph_demo_7
U01,U02,paired_demo_59,ph_demo_20
U01,U02,paired_demo_73,ph_demo_20
U01,U02,paired_demo_47,ph_demo_196
U01,U02,mg_demo_3390,paired_demo_47
U01,U02,mg_demo_3390,ph_demo_20
U01,U02,mh_demo_195,ph_demo_15
U01,U02,mh_demo_26,mh_demo_140
U01,U02,mg_demo_2477,paired_demo_59
U01,U02,ph_demo_13,paired_demo_191
U01,U02,mg_demo_3362,ph_demo_33
U01,U02,mg_demo_2477,paired_demo_47
U01,U02,mg_demo_3106,ph_demo_196
U01,U02,mh_demo_44,paired_demo_37
U01,U02,paired_demo_73,ph_demo_33
U01,U02,mg_demo_3864,paired_demo_191
U01,U02,mg_demo_3106,paired_demo_47
U01,U02,mg_demo_3706,mh_demo_140
U03,U04,paired_demo_171,paired_demo_53
U03,U04,mh_demo_26,paired_demo_171
U03,U04,mg_demo_2477,ph_demo_116
U03,U04,mh_demo_195,ph_demo_33
U03,U04,ph_demo_193,paired_demo_53
U03,U04,paired_demo_53,ph_demo_20
U03,U04,paired_demo_123,paired_demo_171
U03,U04,paired_demo_123,paired_demo_47
U03,U04,ph_demo_116,mh_demo_44
U03,U04,mh_demo_40,mh_demo_140
U03,U04,mg_demo_3390,ph_demo_44
U03,U04,mg_demo_3864,ph_demo_7
U03,U04,ph_demo_13,ph_demo_44
U03,U04,paired_demo_123,paired_demo_59
U03,U04,ph_demo_13,mh_demo_40
U03,U04,mh_demo_195,mh_demo_44
U03,U04,paired_demo_123,paired_demo_43
U03,U04,mg_demo_3390,paired_demo_59
U03,U04,mg_demo_3864,mh_demo_44
U03,U04,mg_demo_3864,paired_demo_123
U03,U04,mg_demo_3864,paired_demo_47
U03,U04,ph_demo_193,mh_demo_195
U03,U04,mg_demo_2477,mg_demo_3106
U03,U04,paired_demo_43,paired_demo_59
U03,U04,ph_demo_193,mh_demo_44
U03,U04,mh_demo_26,mh_demo_44
U03,U04,paired_demo_53,ph_demo_15
U03,U04,mh_demo_195,ph_demo_196
U03,U04,mg_demo_3390,mg_demo_3706
U03,U04,paired_demo_53,ph_demo_33
U03,U04,paired_demo_171,ph_demo_20
U03,U04,paired_demo_171,mh_demo_40
U03,U04,paired_demo_53,paired_demo_73
U03,U04,paired_demo_53,paired_demo_59
U03,U04,paired_demo_43,ph_demo_44
U03,U04,mg_demo_3106,mh_demo_2
U03,U04,mh_demo_44,paired_demo_191
U03,U04,mg_demo_3864,mh_demo_40
U03,U04,mg_demo_3864,mh_demo_140
U03,U04,ph_demo_193,ph_demo_116
U03,U04,mg_demo_3864,mh_demo_2
U03,U04,mg_demo_3706,ph_demo_116
U03,U04,paired_demo_37,paired_demo_59
U03,U04,mg_demo_3390,mg_demo_3864
U03,U04,mg_demo_3106,paired_demo_53
U03,U04,mh_demo_40,ph_demo_20
U03,U04,mg_demo_3706,ph_demo_44
U03,U04,mg_demo_3706,mh_demo_26
U03,U04,mg_demo_3362,paired_demo_37
U03,U04,mg_demo_3390,mh_demo_26
U03,U04,ph_demo_193,paired_demo_191
U03,U04,paired_demo_171,ph_demo_15
U03,U04,mg_demo_3706,paired_demo_73
U03,U04,mh_demo_195,paired_demo_59
U03,U04,mg_demo_3390,mg_demo_3106
U03,U04,paired_demo_123,paired_demo_191
U03,U04,ph_demo_44,ph_demo_7
U03,U04,mg_demo_3106,ph_demo_116
U03,U04,mg_demo_3864,ph_demo_44
U03,U04,mg_demo_3362,paired_demo_123
U03,U04,paired_demo_123,ph_demo_20
U03,U04,mh_demo_26,ph_demo_33
U03,U04,ph_demo_7,mh_demo_44
U03,U04,paired_demo_53,ph_demo_44
U03,U04,mg_demo_3362,ph_demo_193
U03,U04,mg_demo_3706,mh_demo_40
U03,U04,ph_demo_13,mh_demo_140
U03,U04,paired_demo_123,ph_demo_33
U03,U04,mg_demo_3362,paired_demo_43
U03,U04,mg_demo_3390,mh_demo_195
U03,U04,paired_demo_73,mh_demo_44
U03,U04,mh_demo_140,paired_demo_37
U03,U04,ph_demo_7,ph_demo_33
U03,U04,mg_demo_2477,mg_demo_3706
U03,U04,mg_demo_3864,ph_demo_33
U03,U04,mg_demo_3106,paired_demo_191
U03,U04,paired_demo_53,ph_demo_7
U03,U04,ph_demo_44,ph_demo_116
U03,U04,mg_demo_3106,mh_demo_26
U03,U04,ph_demo_193,ph_demo_44
U03,U04,mh_demo_140,ph_demo_196
U03,U04,paired_demo_37,ph_demo_196
U03,U04,mg_demo_3362,paired_demo_191
U03,U04,mh_demo_140,paired_demo_47
U03,U04,mg_demo_3106,ph_demo_33
U03,U04,mg_demo_3864,paired_demo_73
U03,U04,mg_demo_3706,ph_demo_33
U03,U04,ph_demo_7,ph_demo_196
U03,U04,mg_demo_3106,paired_demo_171
U03,U04,mh_demo_195,mh_demo_2
U03,U04,mg_demo_2477,ph_demo_196
U03,U04,mg_demo_3362,mh_demo_40
U03,U04,mg_demo_3706,ph_demo_196
U03,U04,mh_demo_140,ph_demo_20
U03,U04,paired_demo_53,paired_demo_47
U03,U04,mh_demo_26,paired_demo_59
U03,U04,mg_demo_3706,paired_demo_37
U03,U04,mg_demo_2477,paired_demo_43
U03,U04,ph_demo_44,ph_demo_20
U03,U04,mh_demo_44,paired_demo_59
U03,U04,paired_demo_37,ph_demo_15
U03,U04,mg_demo_3362,ph_demo_13
U03,U04,ph_demo_116,mh_demo_195
U03,U04,mh_demo_195,ph_demo_20
U03,U04,mg_demo_3390,paired_demo_43
U05,U06,paired_demo_43,mh_demo_195
U05,U06,paired_demo_191,paired_demo_37
U05,U06,paired_demo_37,paired_demo_47
U05,U06,ph_demo_44,mh_demo_140
U05,U06,paired_demo_123,mh_demo_195
U05,U06,mg_demo_3864,ph_demo_15
U05,U06,mg_demo_3362,mh_demo_140
U05,U06,paired_demo_73,ph_demo_116
U05,U06,mh_demo_44,ph_demo_20
U05,U06,ph_demo_193,mh_demo_2
U05,U06,mg_demo_3390,paired_demo_53
U05,U06,ph_demo_13,ph_demo_15
U05,U06,mg_demo_3864,mg_demo_3106
U05,U06,ph_demo_15,ph_demo_33
U05,U06,ph_demo_7,ph_demo_20
U05,U06,paired_demo_73,paired_demo_47
U05,U06,mg_demo_3362,ph_demo_196
U05,U06,mg_demo_3362,ph_demo_44
U05,U06,paired_demo_123,mh_demo_140
U05,U06,mg_demo_3706,paired_demo_43
U05,U06,mg_demo_3106,mh_demo_140
U05,U06,ph_demo_7,paired_demo_37
U05,U06,mg_demo_3706,ph_demo_193
U05,U06,paired_demo_191,paired_demo_59
U05,U06,paired_demo_43,ph_demo_20
U05,U06,paired_demo_53,paired_demo_37
U05,U06,mh_demo_40,paired_demo_191
U05,U06,mg_demo_3864,paired_demo_37
U05,U06,mg_demo_3362,mg_demo_3706
U05,U06,paired_demo_43,paired_demo_37
U05,U06,mg_demo_2477,ph_demo_193
U05,U06,mg_demo_2477,ph_demo_7
U05,U06,mg_demo_3362,ph_demo_15
U05,U06,mg_demo_3706,ph_demo_20
U05,U06,mg_demo_3106,paired_demo_43
U05,U06,ph_demo_193,ph_demo_196
U05,U06,mg_demo_3390,ph_demo_196
U05,U06,mg_demo_3706,paired_demo_53
U05,U06,mh_demo_2,paired_demo_37
U05,U06,paired_demo_73,paired_demo_191
U05,U06,ph_demo_13,paired_demo_43
U05,U06,mg_demo_3864,ph_demo_13
U05,U06,mg_demo_2477,paired_demo_123
U05,U06,mh_demo_195,paired_demo_47
U05,U06,paired_demo_123,paired_demo_53
U05,U06,mg_demo_3106,paired_demo_123
U05,U06,mh_demo_2,ph_demo_33
U05,U06,mg_demo_3706,mh_demo_195
U05,U06,ph_demo_116,paired_demo_37
U05,U06,paired_demo_191,ph_demo_20
U05,U06,ph_demo_196,ph_demo_20
U05,U06,mh_demo_26,ph_demo_196
U05,U06,mg_demo_2477,mh_demo_195
U05,U06,paired_demo_47,ph_demo_15
U05,U06,mh_demo_26,ph_demo_193
U05,U06,mg_demo_3106,paired_demo_37
U05,U06,mh_demo_40,mh_demo_195
U05,U06,paired_demo_43,ph_demo_196
U05,U06,mg_demo_3106,ph_demo_20
U05,U06,paired_demo_73,ph_demo_15
U05,U06,paired_demo_171,ph_demo_7
U05,U06,ph_demo_13,paired_demo_123
U05,U06,ph_demo_15,ph_demo_20
U05,U06,mg_demo_3390,ph_demo_7
U05,U06,ph_demo_116,mh_demo_140
U05,U06,paired_demo_43,paired_demo_53
U05,U06,mg_demo_2477,ph_demo_44
U05,U06,paired_demo_123,ph_demo_44
U05,U06,paired_demo_53,mh_demo_40
U05,U06,mg_demo_2477,mh_demo_2
U05,U06,paired_demo_53,mh_demo_2
U05,U06,mg_demo_3390,mh_demo_2
U05,U06,mg_demo_3706,paired_demo_191
U05,U06,paired_demo_47,ph_demo_33
U05,U06,paired_demo_73,mh_demo_2
U05,U06,paired_demo_37,ph_demo_33
U05,U06,paired_demo_171,paired_demo_59
U05,U06,mg_demo_3706,paired_demo_171
U05,U06,mh_demo_26,mh_demo_195
U05,U06,mg_demo_3362,mg_demo_3390
U05,U06,paired_demo_171,paired_demo_191
U05,U06,paired_demo_73,mh_demo_40
U05,U06,ph_demo_116,ph_demo_196
U05,U06,mh_demo_26,ph_demo_13
U05,U06,mh_demo_26,ph_demo_116
U05,U06,ph_demo_196,ph_demo_33
U05,U06,ph_demo_13,paired_demo_47
U05,U06,mh_demo_2,paired_demo_47
U05,U06,mh_demo_2,ph_demo_20
U05,U06,paired_demo_43,ph_demo_116
U05,U06,mg_demo_2477,mg_demo_3864
U05,U06,paired_demo_43,paired_demo_73
U05,U06,ph_demo_7,mh_demo_140
U05,U06,paired_demo_53,ph_demo_116
U05,U06,mg_demo_3362,mg_demo_3864
U05,U06,mg_demo_3362,mh_demo_44
U05,U06,mh_demo_26,paired_demo_73
U05,U06,mg_demo_3106,ph_demo_7
U05,U06,mg_demo_3706,mh_demo_44
U05,U06,paired_demo_43,mh_demo_140
U05,U06,mg_demo_3390,mh_demo_40
U05,U06,mg_demo_3390,ph_demo_116
U05,U06,mg_demo_3390,paired_demo_171
U05,U06,mg_demo_2477,mh_demo_26
U05,U06,ph_demo_13,ph_demo_116
U07,U08,mg_demo_2477,mh_demo_40
U07,U08,ph_demo_44,mh_demo_40
U07,U08,ph_demo_13,mh_demo_195
U07,U08,ph_demo_193,paired_demo_171
U07,U08,mg_demo_3390,ph_demo_193
U07,U08,paired_demo_123,ph_demo_116
U07,U08,mg_demo_2477,ph_demo_20
U07,U08,ph_demo_193,paired_demo_123
U07,U08,mh_demo_26,ph_demo_20
U07,U08,mg_demo_3390,ph_demo_13
U07,U08,mg_demo_3362,paired_demo_53
U07,U08,paired_demo_59,ph_demo_196
U07,U08,mh_demo_26,ph_demo_15
U07,U08,ph_demo_13,paired_demo_171
U07,U08,paired_demo_123,mh_demo_2
U07,U08,mh_demo_2,ph_demo_196
U07,U08,ph_demo_13,ph_demo_196
U07,U08,mg_demo_3390,mh_demo_140
U07,U08,mg_demo_2477,paired_demo_73
U07,U08,ph_demo_116,paired_demo_59
U07,U08,ph_demo_193,paired_demo_73
U07,U08,ph_demo_44,ph_demo_196
U07,U08,paired_demo_73,ph_demo_7
U07,U08,mg_demo_3362,paired_demo_59
U07,U08,mg_demo_3106,paired_demo_59
U07,U08,mg_demo_3106,ph_demo_193
U07,U08,mh_demo_44,ph_demo_33
U07,U08,ph_demo_193,paired_demo_37
U07,U08,paired_demo_73,ph_demo_44
U07,U08,paired_demo_53,ph_demo_196
U07,U08,paired_demo_123,ph_demo_7
U07,U08,mg_demo_3706,mg_demo_3864
U07,U08,ph_demo_13,paired_demo_53
U07,U08,mh_demo_40,paired_demo_37
U07,U08,ph_demo_44,paired_demo_47
U07,U08,mh_demo_44,ph_demo_15
U07,U08,paired_demo_59,ph_demo_15
U07,U08,ph_demo_7,ph_demo_15
U07,U08,mg_demo_2477,paired_demo_171
U07,U08,mg_demo_3864,mh_demo_26
U07,U08,mg_demo_2477,mh_demo_44
U07,U08,mh_demo_26,mh_demo_2
U07,U08,mg_demo_3362,mh_demo_195
U07,U08,ph_demo_7,mh_demo_195
U07,U08,paired_demo_123,paired_demo_37
U07,U08,ph_demo_116,ph_demo_33
U07,U08,paired_demo_53,mh_demo_195
U07,U08,mg_demo_3106,mh_demo_44
U07,U08,mg_demo_3390,ph_demo_33
U07,U08,mg_demo_3864,ph_demo_196
U07,U08,mg_demo_3106,mh_demo_195
U07,U08,paired_demo_171,mh_demo_195
U07,U08,mh_demo_140,paired_demo_59
U07,U08,mg_demo_3864,paired_demo_59
U07,U08,ph_demo_44,paired_demo_59
U07,U08,mg_demo_3390,paired_demo_123
U07,U08,mh_demo_40,paired_demo_47
U07,U08,ph_demo_13,mh_demo_44
U07,U08,paired_demo_47,ph_demo_20
U07,U08,ph_demo_7,mh_demo_40
U07,U08,paired_demo_123,ph_demo_196
U07,U08,ph_demo_193,ph_demo_15
U07,U08,ph_demo_13,ph_demo_20
U07,U08,mg_demo_3706,mg_demo_3106
U07,U08,paired_demo_73,ph_demo_196
U07,U08,ph_demo_13,ph_demo_7
U07,U08,mg_demo_3864,paired_demo_43
U07,U08,mg_demo_3706,paired_demo_47
U07,U08,mg_demo_2477,mg_demo_3390
U07,U08,paired_demo_47,paired_demo_59
U07,U08,paired_demo_53,mh_demo_44
U07,U08,ph_demo_193,mh_demo_40
U07,U08,mg_demo_3106,ph_demo_15
U07,U08,ph_demo_116,paired_demo_47
U07,U08,mh_demo_40,mh_demo_2
U07,U08,mg_demo_3390,mh_demo_44
U07,U08,paired_demo_53,paired_demo_191
U07,U08,mg_demo_2477,mg_demo_3362
U07,U08,mh_demo_26,ph_demo_7
U07,U08,mh_demo_26,ph_demo_44
U07,U08,mh_demo_40,ph_demo_33
U07,U08,paired_demo_171,paired_demo_73
U07,U08,mg_demo_3706,ph_demo_15
U07,U08,mg_demo_3706,paired_demo_59
U07,U08,mh_demo_26,paired_demo_43
U07,U08,paired_demo_73,mh_demo_195
U07,U08,mh_demo_140,mh_demo_44
U07,U08,paired_demo_171,paired_demo_43
U07,U08,mh_demo_140,ph_demo_33
U07,U08,mg_demo_2477,ph_demo_33
U07,U08,paired_demo_171,paired_demo_37
U07,U08,ph_demo_193,paired_demo_47
U07,U08,ph_demo_7,paired_demo_191
U07,U08,mh_demo_195,paired_demo_37
U07,U08,ph_demo_193,paired_demo_43
U07,U08,ph_demo_44,ph_demo_33
U07,U08,mg_demo_3362,paired_demo_171
U07,U08,paired_demo_43,ph_demo_33
U07,U08,mh_demo_2,mh_demo_44
U07,U08,ph_demo_193,mh_demo_140
U07,U08,ph_demo_116,ph_demo_15
U07,U08,paired_demo_53,mh_demo_140
U07,U08,paired_demo_73,mh_demo_140
U07,U08,ph_demo_193,ph_demo_7
U07,U08,ph_demo_13,ph_demo_33
U09,U10,ph_demo_13,paired_demo_59
U09,U10,ph_demo_15,ph_demo_196
U09,U10,paired_demo_123,mh_demo_44
U09,U10,paired_demo_191,ph_demo_33
U09,U10,mg_demo_3106,ph_demo_44
U09,U10,mh_demo_26,paired_demo_53
U09,U10,mg_demo_3390,ph_demo_15
U09,U10,mh_demo_26,paired_demo_37
U09,U10,paired_demo_171,paired_demo_47
U09,U10,paired_demo_123,paired_demo_73
U09,U10,ph_demo_20,ph_demo_33
U09,U10,ph_demo_193,ph_demo_20
U09,U10,mh_demo_44,ph_demo_196
U09,U10,ph_demo_193,paired_demo_59
U09,U10,ph_demo_116,mh_demo_2
U09,U10,mg_demo_3362,mh_demo_140
U09,U10,paired_demo_123,mh_demo_195
U09,U10,paired_demo_171,mh_demo_2
U09,U10,mg_demo_2477,ph_demo_7
U09,U10,paired_demo_43,paired_demo_37
U09,U10,ph_demo_13,ph_demo_116
U09,U10,mg_demo_3106,mh_demo_40
U09,U10,paired_demo_47,ph_demo_33
U09,U10,paired_demo_53,ph_demo_44
U09,U10,paired_demo_191,ph_demo_196
U09,U10,mg_demo_3362,ph_demo_7
U09,U10,mg_demo_3106,ph_demo_13
U09,U10,paired_demo_73,ph_demo_7
U09,U10,mg_demo_3706,ph_demo_193
U09,U10,paired_demo_43,mh_demo_195
U09,U10,mg_demo_3706,paired_demo_47
U09,U10,mg_demo_2477,mh_demo_2
U09,U10,mg_demo_3106,paired_demo_171
U09,U10,ph_demo_193,mh_demo_44
U09,U10,mh_demo_140,ph_demo_20
U09,U10,mg_demo_3362,mg_demo_3106
U09,U10,mg_demo_2477,ph_demo_15
U09,U10,paired_demo_43,paired_demo_47
U09,U10,mg_demo_3706,ph_demo_33
U09,U10,mg_demo_3106,ph_demo_20
U09,U10,mg_demo_3362,mh_demo_2
U09,U10,paired_demo_47,ph_demo_20
U09,U10,mg_demo_3864,paired_demo_73
U09,U10,mh_demo_195,ph_demo_15
U09,U10,mg_demo_3864,mh_demo_195
U09,U10,mg_demo_3390,ph_demo_116
U09,U10,mh_demo_40,paired_demo_47
U09,U10,mh_demo_195,paired_demo_59
U09,U10,ph_demo_13,mh_demo_44
U09,U10,mg_demo_3864,paired_demo_191
U09,U10,mh_demo_44,ph_demo_20
U09,U10,mg_demo_3706,mh_demo_195
U09,U10,mh_demo_26,ph_demo_44
U09,U10,mg_demo_3390,paired_demo_47
U09,U10,paired_demo_43,paired_demo_191
U09,U10,paired_demo_171,paired_demo_191
U09,U10,mg_demo_2477,paired_demo_171
U09,U10,paired_demo_37,ph_demo_33
U09,U10,ph_demo_116,mh_demo_44
U09,U10,mg_demo_3706,ph_demo_196
U09,U10,paired_demo_59,ph_demo_20
U09,U10,mg_demo_3864,paired_demo_37
U09,U10,paired_demo_47,ph_demo_196
U09,U10,mh_demo_195,ph_demo_33
U09,U10,paired_demo_53,mh_demo_195
U09,U10,paired_demo_171,mh_demo_140
U09,U10,ph_demo_116,ph_demo_33
U09,U10,ph_demo_193,paired_demo_73
U09,U10,mg_demo_3106,paired_demo_37
U09,U10,ph_demo_7,mh_demo_40
U09,U10,mg_demo_3106,ph_demo_116
U09,U10,paired_demo_171,ph_demo_196
U09,U10,mg_demo_3390,mh_demo_2
U09,U10,paired_demo_191,paired_demo_37
U09,U10,mg_demo_3106,mh_demo_2
U09,U10,ph_demo_15,ph_demo_33
U09,U10,mg_demo_3362,mg_demo_3864
U09,U10,mh_demo_140,mh_demo_195
U09,U10,mg_demo_3390,mh_demo_26
U09,U10,mh_demo_26,paired_demo_43
U09,U10,ph_demo_193,mh_demo_2
U09,U10,ph_demo_116,paired_demo_191
U09,U10,mg_demo_2477,ph_demo_44
U09,U10,ph_demo_7,mh_demo_140
U09,U10,mg_demo_2477,mg_demo_3362
U09,U10,mg_demo_3864,ph_demo_7
U09,U10,paired_demo_73,paired_demo_59
U09,U10,mg_demo_3362,paired_demo_191
U09,U10,ph_demo_44,ph_demo_7
U09,U10,mg_demo_3362,mh_demo_26
U09,U10,paired_demo_123,ph_demo_44
U09,U10,paired_demo_53,paired_demo_47
U09,U10,mg_demo_2477,ph_demo_13
U09,U10,mh_demo_26,mh_demo_2
U09,U10,mg_demo_2477,paired_demo_59
U09,U10,mg_demo_3706,ph_demo_116
U09,U10,mg_demo_3362,mh_demo_40
U09,U10,mg_demo_3864,ph_demo_33
U09,U10,mg_demo_3706,paired_demo_43
U09,U10,ph_demo_7,paired_demo_37
U09,U10,mg_demo_3362,paired_demo_47
U09,U10,ph_demo_7,mh_demo_44
U09,U10,ph_demo_13,ph_demo_196
U09,U10,paired_demo_53,paired_demo_191
U09,U10,mg_demo_3864,mh_demo_44
U11,U12,mh_demo_26,paired_demo_171
U11,U12,paired_demo_191,ph_demo_15
U11,U12,paired_demo_43,paired_demo_73
U11,U12,mg_demo_3706,paired_demo_37
U11,U12,ph_demo_13,ph_demo_33
U11,U12,mh_demo_195,mh_demo_2
U11,U12,mh_demo_26,mh_demo_40
U11,U12,mg_demo_3390,paired_demo_73
U11,U12,mh_demo_2,ph_demo_20
U11,U12,mh_demo_40,mh_demo_195
U11,U12,paired_demo_171,paired_demo_37
U11,U12,mg_demo_3390,ph_demo_196
U11,U12,mg_demo_3390,mg_demo_3864
U11,U12,mg_demo_3706,mh_demo_40
U11,U12,mg_demo_3390,paired_demo_171
U11,U12,ph_demo_13,mh_demo_140
U11,U12,paired_demo_171,ph_demo_33
U11,U12,mg_demo_3362,mh_demo_195
U11,U12,mg_demo_3106,mh_demo_44
U11,U12,ph_demo_193,ph_demo_7
U11,U12,mg_demo_2477,ph_demo_33
U11,U12,ph_demo_13,ph_demo_15
U11,U12,mg_demo_3864,paired_demo_123
U11,U12,mg_demo_2477,mh_demo_44
U11,U12,mg_demo_3864,ph_demo_196
U11,U12,mg_demo_3106,paired_demo_191
U11,U12,paired_demo_43,ph_demo_7
U11,U12,ph_demo_44,mh_demo_140
U11,U12,paired_demo_43,ph_demo_15
U11,U12,ph_demo_13,ph_demo_7
U11,U12,mg_demo_3706,ph_demo_15
U11,U12,paired_demo_73,paired_demo_191
U11,U12,mg_demo_3864,paired_demo_59
U11,U12,paired_demo_171,ph_demo_7
U11,U12,mg_demo_3864,ph_demo_13
U11,U12,ph_demo_7,ph_demo_196
U11,U12,mg_demo_3390,ph_demo_193
U11,U12,mg_demo_3706,paired_demo_59
U11,U12,mh_demo_40,mh_demo_2
U11,U12,mh_demo_2,mh_demo_44
U11,U12,mh_demo_26,ph_demo_7
U11,U12,paired_demo_123,ph_demo_196
U11,U12,mg_demo_3106,paired_demo_53
U11,U12,mg_demo_3106,ph_demo_7
U11,U12,ph_demo_193,paired_demo_191
U11,U12,ph_demo_13,paired_demo_53
U11,U12,mg_demo_3390,mh_demo_40
U11,U12,ph_demo_44,ph_demo_15
U11,U12,mg_demo_3706,ph_demo_44
U11,U12,mg_demo_2477,mg_demo_3706
U11,U12,mg_demo_3390,mh_demo_195
U11,U12,mh_demo_44,paired_demo_37
U11,U12,mg_demo_3106,paired_demo_73
U11,U12,mg_demo_3362,ph_demo_196
U11,U12,mg_demo_3362,paired_demo_59
U11,U12,mg_demo_3864,ph_demo_44
U11,U12,ph_demo_193,ph_demo_33
U11,U12,mh_demo_2,ph_demo_15
U11,U12,mh_demo_140,mh_demo_2
U11,U12,mh_demo_26,ph_demo_15
U11,U12,mg_demo_3362,ph_demo_15
U11,U12,mg_demo_3706,mh_demo_26
U11,U12,paired_demo_123,ph_demo_20
U11,U12,mg_demo_3362,paired_demo_53
U11,U12,mh_demo_26,ph_demo_193
U11,U12,mh_demo_40,ph_demo_116
U11,U12,paired_demo_171,ph_demo_15
U11,U12,mh_demo_40,ph_demo_196
U11,U12,paired_demo_73,ph_demo_44
U11,U12,mg_demo_3362,paired_demo_73
U11,U12,ph_demo_44,paired_demo_59
U11,U12,mg_demo_3390,paired_demo_37
U11,U12,mg_demo_3106,mh_demo_26
U11,U12,mg_demo_3864,ph_demo_15
U11,U12,mh_demo_140,mh_demo_44
U11,U12,paired_demo_171,paired_demo_73
U11,U12,mg_demo_2477,ph_demo_20
U11,U12,paired_demo_43,ph_demo_33
U11,U12,ph_demo_193,ph_demo_20
U11,U12,ph_demo_44,mh_demo_44
U11,U12,paired_demo_123,ph_demo_7
U11,U12,mh_demo_40,paired_demo_37
U11,U12,paired_demo_123,ph_demo_33
U11,U12,ph_demo_193,mh_demo_40
U11,U12,paired_demo_123,mh_demo_2
U11,U12,mh_demo_26,ph_demo_116
U11,U12,paired_demo_73,ph_demo_196
U11,U12,mg_demo_2477,paired_demo_37
U11,U12,ph_demo_7,ph_demo_116
U11,U12,mh_demo_26,paired_demo_123
U11,U12,ph_demo_13,paired_demo_43
U11,U12,paired_demo_43,mh_demo_2
U11,U12,paired_demo_171,mh_demo_44
U11,U12,mh_demo_44,ph_demo_196
U11,U12,ph_demo_15,ph_demo_196
U11,U12,mg_demo_3390,ph_demo_20
U11,U12,ph_demo_13,paired_demo_47
U11,U12,ph_demo_7,mh_demo_195
U11,U12,mg_demo_3706,paired_demo_53
U11,U12,paired_demo_59,ph_demo_196
U11,U12,mh_demo_140,ph_demo_33
U11,U12,mg_demo_3390,ph_demo_33
U11,U12,mg_demo_3106,ph_demo_33
U11,U12,mg_demo_3390,mh_demo_140
U11,U12,mg_demo_3706,paired_demo_191
U13,U14,ph_demo_13,paired_demo_59
U13,U14,ph_demo_116,ph_demo_196
U13,U14,paired_demo_73,ph_demo_33
U13,U14,mh_demo_26,paired_demo_59
U13,U14,ph_demo_7,mh_demo_2
U13,U14,mg_demo_2477,paired_demo_47
U13,U14,paired_demo_73,ph_demo_20
U13,U14,mg_demo_3706,ph_demo_7
U13,U14,mg_demo_3106,mh_demo_195
U13,U14,mg_demo_3706,mh_demo_44
U13,U14,mh_demo_40,ph_demo_15
U13,U14,mh_demo_26,paired_demo_37
U13,U14,mh_demo_44,paired_demo_191
U13,U14,mh_demo_195,paired_demo_191
U13,U14,mg_demo_3362,ph_demo_193
U13,U14,mg_demo_3362,paired_demo_123
U13,U14,paired_demo_53,mh_demo_2
U13,U14,mh_demo_40,ph_demo_20
U13,U14,mh_demo_2,paired_demo_59
U13,U14,ph_demo_7,ph_demo_15
U13,U14,mg_demo_3390,mh_demo_44
U13,U14,ph_demo_13,paired_demo_73
U13,U14,paired_demo_123,paired_demo_171
U13,U14,mg_demo_3362,mg_demo_3706
U13,U14,paired_demo_37,paired_demo_47
U13,U14,paired_demo_43,paired_demo_53
U13,U14,paired_demo_43,mh_demo_140
U13,U14,paired_demo_123,paired_demo_47
U13,U14,paired_demo_73,mh_demo_195
U13,U14,mg_demo_3390,ph_demo_15
U13,U14,mh_demo_26,mh_demo_195
U13,U14,ph_demo_196,ph_demo_20
U13,U14,paired_demo_123,mh_demo_40
U13,U14,mh_demo_140,ph_demo_15
U13,U14,paired_demo_73,paired_demo_47
U13,U14,ph_demo_116,ph_demo_20
U13,U14,paired_demo_171,paired_demo_47
U13,U14,paired_demo_171,paired_demo_53
U13,U14,mg_demo_3706,ph_demo_20
U13,U14,paired_demo_47,ph_demo_15
U13,U14,mh_demo_2,ph_demo_33
U13,U14,ph_demo_13,paired_demo_171
U13,U14,mg_demo_2477,paired_demo_43
U13,U14,paired_demo_59,ph_demo_15
U13,U14,paired_demo_53,ph_demo_15
U13,U14,mh_demo_195,ph_demo_20
U13,U14,paired_demo_53,ph_demo_7
U13,U14,mh_demo_26,paired_demo_73
U13,U14,paired_demo_73,ph_demo_116
U13,U14,paired_demo_53,ph_demo_20
U13,U14,mh_demo_44,paired_demo_59
U13,U14,mg_demo_3106,mh_demo_140
U13,U14,mg_demo_3864,ph_demo_20
U13,U14,paired_demo_53,ph_demo_196
U13,U14,paired_demo_123,mh_demo_44
U13,U14,paired_demo_73,mh_demo_44
U13,U14,paired_demo_73,ph_demo_15
U13,U14,mg_demo_3106,paired_demo_59
U13,U14,mh_demo_140,paired_demo_59
U13,U14,mg_demo_3106,ph_demo_44
U13,U14,mg_demo_3390,paired_demo_53
U13,U14,paired_demo_53,paired_demo_59
U13,U14,mg_demo_3362,mh_demo_44
U13,U14,ph_demo_193,paired_demo_43
U13,U14,paired_demo_73,mh_demo_40
U13,U14,mg_demo_3362,paired_demo_43
U13,U14,mh_demo_44,ph_demo_33
U13,U14,mg_demo_3390,ph_demo_13
U13,U14,paired_demo_53,paired_demo_37
U13,U14,mg_demo_3706,paired_demo_123
U13,U14,mg_demo_3864,paired_demo_53
U13,U14,mg_demo_3864,mh_demo_40
U13,U14,paired_demo_53,mh_demo_140
U13,U14,mg_demo_2477,mh_demo_195
U13,U14,mg_demo_3390,paired_demo_43
U13,U14,ph_demo_13,mh_demo_195
U13,U14,ph_demo_20,ph_demo_33
U13,U14,mg_demo_3106,ph_demo_193
U13,U14,mh_demo_26,ph_demo_33
U13,U14,paired_demo_53,ph_demo_33
U13,U14,ph_demo_44,ph_demo_116
U13,U14,paired_demo_123,ph_demo_116
U13,U14,mg_demo_3362,ph_demo_33
U13,U14,ph_demo_13,ph_demo_44
U13,U14,mg_demo_2477,ph_demo_116
U13,U14,ph_demo_116,mh_demo_140
U13,U14,ph_demo_13,paired_demo_123
U13,U14,mg_demo_3706,mh_demo_2
U13,U14,mg_demo_3864,ph_demo_193
U13,U14,paired_demo_123,paired_demo_73
U13,U14,ph_demo_7,paired_demo_47
U13,U14,mh_demo_26,ph_demo_13
U13,U14,ph_demo_44,mh_demo_2
U13,U14,ph_demo_44,ph_demo_196
U13,U14,mg_demo_3706,paired_demo_171
U13,U14,ph_demo_193,paired_demo_37
U13,U14,ph_demo_7,ph_demo_33
U13,U14,mh_demo_26,paired_demo_47
U13,U14,paired_demo_37,ph_demo_20
U13,U14,ph_demo_116,mh_demo_195
U13,U14,mg_demo_2477,paired_demo_53
U13,U14,ph_demo_116,paired_demo_47
U13,U14,mh_demo_26,mh_demo_140
U13,U14,ph_demo_193,paired_demo_47
U13,U14,paired_demo_191,paired_demo_47
U15,U16,mg_demo_2477,mh_demo_40
U15,U16,mg_demo_2477,paired_demo_73
U15,U16,mg_demo_3362,ph_demo_116
U15,U16,paired_demo_73,mh_demo_140
U15,U16,mg_demo_3362,ph_demo_13
U15,U16,ph_demo_44,ph_demo_20
U15,U16,ph_demo_44,paired_demo_191
U15,U16,paired_demo_123,mh_demo_140
U15,U16,mh_demo_2,ph_demo_196
U15,U16,paired_demo_53,mh_demo_40
U15,U16,ph_demo_44,paired_demo_37
U15,U16,mh_demo_195,paired_demo_37
U15,U16,paired_demo_171,ph_demo_20
U15,U16,mg_demo_3864,paired_demo_47
U15,U16,mh_demo_26,ph_demo_196
U15,U16,paired_demo_171,paired_demo_59
U15,U16,mg_demo_3706,mg_demo_3106
U15,U16,mg_demo_2477,paired_demo_191
U15,U16,mg_demo_3390,ph_demo_7
U15,U16,mh_demo_140,ph_demo_196
U15,U16,paired_demo_37,paired_demo_59
U15,U16,mh_demo_2,paired_demo_191
U15,U16,mh_demo_26,ph_demo_20
U15,U16,paired_demo_171,mh_demo_40
U15,U16,ph_demo_196,ph_demo_33
U15,U16,ph_demo_44,ph_demo_33
U15,U16,ph_demo_7,ph_demo_20
U15,U16,ph_demo_116,paired_demo_59
U15,U16,mh_demo_40,mh_demo_44
U15,U16,ph_demo_193,ph_demo_116
U15,U16,paired_demo_123,paired_demo_59
U15,U16,mg_demo_3106,paired_demo_47
U15,U16,paired_demo_53,mh_demo_44
U15,U16,mh_demo_2,paired_demo_37
U15,U16,ph_demo_13,ph_demo_193
U15,U16,paired_demo_37,ph_demo_15
U15,U16,paired_demo_43,ph_demo_196
U15,U16,paired_demo_123,paired_demo_37
U15,U16,mh_demo_140,paired_demo_37
U15,U16,paired_demo_47,paired_demo_59
U15,U16,mh_demo_40,mh_demo_140
U15,U16,paired_demo_43,ph_demo_20
U15,U16,mg_demo_2477,mh_demo_26
U15,U16,ph_demo_13,mh_demo_40
U15,U16,mg_demo_2477,paired_demo_123
U15,U16,mg_demo_2477,ph_demo_193
U15,U16,ph_demo_13,paired_demo_37
U15,U16,paired_demo_171,ph_demo_44
U15,U16,mh_demo_40,paired_demo_191
U15,U16,paired_demo_123,paired_demo_43
U15,U16,ph_demo_193,paired_demo_123
U15,U16,ph_demo_44,mh_demo_40
U15,U16,mg_demo_2477,ph_demo_196
U15,U16,mg_demo_3390,paired_demo_59
U15,U16,paired_demo_73,paired_demo_37
U15,U16,mh_demo_26,mh_demo_44
U15,U16,ph_demo_193,ph_demo_196
U15,U16,ph_demo_7,paired_demo_59
U15,U16,mg_demo_3362,ph_demo_20
U15,U16,mh_demo_195,paired_demo_47
U15,U16,paired_demo_43,mh_demo_40
U15,U16,paired_demo_123,paired_demo_53
U15,U16,ph_demo_7,paired_demo_191
U15,U16,paired_demo_43,ph_demo_116
U15,U16,mg_demo_3390,ph_demo_44
U15,U16,mh_demo_195,ph_demo_196
U15,U16,ph_demo_193,paired_demo_59
U15,U16,paired_demo_191,paired_demo_59
U15,U16,ph_demo_44,mh_demo_195
U15,U16,mh_demo_40,ph_demo_33
U15,U16,mg_demo_3864,mh_demo_2
U15,U16,mg_demo_3362,paired_demo_37
U15,U16,mh_demo_140,paired_demo_47
U15,U16,mh_demo_195,mh_demo_44
U15,U16,mg_demo_3706,mg_demo_3864
U15,U16,mh_demo_44,paired_demo_47
U15,U16,mg_demo_3706,paired_demo_73
U15,U16,ph_demo_13,paired_demo_191
U15,U16,mh_demo_2,paired_demo_47
U15,U16,paired_demo_43,ph_demo_44
U15,U16,ph_demo_193,mh_demo_195
U15,U16,mg_demo_2477,mg_demo_3390
U15,U16,mg_demo_3106,paired_demo_123
U15,U16,paired_demo_171,mh_demo_195
U15,U16,mg_demo_3362,ph_demo_44
U15,U16,mg_demo_3390,mg_demo_3106
U15,U16,ph_demo_193,paired_demo_171
U15,U16,paired_demo_43,mh_demo_44
U15,U16,paired_demo_43,paired_demo_59
U15,U16,ph_demo_193,ph_demo_15
U15,U16,mg_demo_3390,paired_demo_191
U15,U16,mg_demo_3706,mh_demo_140
U15,U16,mg_demo_3864,ph_demo_116
U15,U16,mh_demo_40,paired_demo_59
U15,U16,mg_demo_3390,mg_demo_3706
U15,U16,mg_demo_2477,mh_demo_140
U15,U16,ph_demo_116,paired_demo_37
U15,U16,paired_demo_53,ph_demo_116
U15,U16,mg_demo_3390,paired_demo_123
U15,U16,mg_demo_3362,paired_demo_171
U15,U16,ph_demo_15,ph_demo_20
U15,U16,mg_demo_3864,mh_demo_26
U15,U16,paired_demo_171,paired_demo_43
U15,U16,mg_demo_2477,mg_demo_3106
U15,U16,mg_demo_3106,paired_demo_43
U17,U18,mh_demo_140,paired_demo_191
U17,U18,paired_demo_37,ph_demo_196
U17,U18,mg_demo_3864,paired_demo_171
U17,U18,mg_demo_2477,mg_demo_3864
U17,U18,mh_demo_26,paired_demo_191
U17,U18,ph_demo_116,ph_demo_15
U17,U18,paired_demo_73,mh_demo_2
U17,U18,mg_demo_3362,mg_demo_3390
U17,U18,ph_demo_193,ph_demo_44
U17,U18,mh_demo_44,ph_demo_15
U17,U18,paired_demo_191,ph_demo_20
U17,U18,paired_demo_59,ph_demo_33
U17,U18,mg_demo_3864,mh_demo_140
U17,U18,paired_demo_123,ph_demo_15
U17,U18,ph_demo_193,mh_demo_140
U17,U18,mh_demo_26,paired_demo_53
U17,U18,mg_demo_3106,ph_demo_196
U17,U18,paired_demo_171,ph_demo_116
U17,U18,paired_demo_191,ph_demo_33
U17,U18,ph_demo_193,paired_demo_53
U17,U18,ph_demo_13,mh_demo_2
U17,U18,paired_demo_123,paired_demo_191
U17,U18,mg_demo_3864,mg_demo_3106
U17,U18,ph_demo_44,paired_demo_47
U17,U18,ph_demo_116,mh_demo_2
U17,U18,ph_demo_13,ph_demo_20
U17,U18,mg_demo_3864,paired_demo_43
U17,U18,mg_demo_3106,ph_demo_15
U17,U18,paired_demo_53,paired_demo_73
U17,U18,mg_demo_3706,ph_demo_13
U17,U18,mg_demo_3706,paired_demo_37
U17,U18,ph_demo_13,ph_demo_33
U17,U18,paired_demo_73,ph_demo_7
U17,U18,ph_demo_44,mh_demo_40
U17,U18,ph_demo_7,mh_demo_140
U17,U18,mg_demo_2477,paired_demo_53
U17,U18,ph_demo_193,mh_demo_195
U17,U18,mg_demo_2477,paired_demo_43
U17,U18,mh_demo_140,ph_demo_15
U17,U18,mg_demo_2477,mh_demo_140
U17,U18,paired_demo_123,mh_demo_2
U17,U18,paired_demo_53,paired_demo_37
U17,U18,ph_demo_44,mh_demo_2
U17,U18,paired_demo_123,ph_demo_44
U17,U18,ph_demo_15,ph_demo_196
U17,U18,paired_demo_43,paired_demo_59
U17,U18,ph_demo_44,ph_demo_7
U17,U18,mg_demo_3706,paired_demo_171
U17,U18,mh_demo_26,ph_demo_193
U17,U18,mg_demo_3362,mg_demo_3106
U17,U18,mh_demo_2,ph_demo_20
U17,U18,ph_demo_7,paired_demo_59
U17,U18,mg_demo_2477,paired_demo_73
U17,U18,mg_demo_3706,paired_demo_73
U17,U18,paired_demo_73,mh_demo_140
U17,U18,mh_demo_195,paired_demo_59
U17,U18,mg_demo_2477,paired_demo_123
U17,U18,ph_demo_116,mh_demo_195
U17,U18,mg_demo_3706,ph_demo_193
U17,U18,paired_demo_171,paired_demo_43
U17,U18,paired_demo_171,mh_demo_44
U17,U18,paired_demo_53,mh_demo_44
U17,U18,mh_demo_40,ph_demo_20
U17,U18,paired_demo_59,ph_demo_196
U17,U18,paired_demo_171,mh_demo_140
U17,U18,mg_demo_3706,ph_demo_7
U17,U18,paired_demo_123,mh_demo_40
U17,U18,paired_demo_53,ph_demo_15
U17,U18,paired_demo_59,ph_demo_15
U17,U18,ph_demo_196,ph_demo_33
U17,U18,mg_demo_3706,paired_demo_123
U17,U18,mg_demo_3706,mh_demo_26
U17,U18,mg_demo_3390,ph_demo_7
U17,U18,paired_demo_73,mh_demo_44
U17,U18,mg_demo_3362,ph_demo_193
U17,U18,paired_demo_171,paired_demo_59
U17,U18,paired_demo_47,ph_demo_15
U17,U18,ph_demo_193,ph_demo_196
U17,U18,paired_demo_73,ph_demo_15
U17,U18,mh_demo_40,mh_demo_195
U17,U18,mg_demo_3362,ph_demo_196
U17,U18,mh_demo_195,ph_demo_15
U17,U18,ph_demo_44,paired_demo_59
U17,U18,ph_demo_116,paired_demo_37
U17,U18,mg_demo_2477,mh_demo_26
U17,U18,mg_demo_2477,mh_demo_2
U17,U18,ph_demo_193,paired_demo_37
U17,U18,mg_demo_3390,paired_demo_47
U17,U18,mh_demo_26,ph_demo_7
U17,U18,mg_demo_3106,ph_demo_33
U17,U18,paired_demo_123,paired_demo_47
U17,U18,mh_demo_26,ph_demo_196
U17,U18,mg_demo_3106,mh_demo_2
U17,U18,mg_demo_3362,mh_demo_40
U17,U18,ph_demo_44,mh_demo_140
U17,U18,paired_demo_123,mh_demo_140
U17,U18,mg_demo_3390,ph_demo_193
U17,U18,mg_demo_3390,paired_demo_171
U17,U18,mg_demo_3864,ph_demo_20
U17,U18,ph_demo_193,paired_demo_59
U17,U18,mh_demo_2,paired_demo_37
U17,U18,ph_demo_13,paired_demo_123
U17,U18,mh_demo_140,paired_demo_47
U17,U18,ph_demo_116,ph_demo_33
U17,U18,mh_demo_2,paired_demo_47
U19,U20,paired_demo_47,ph_demo_20
U19,U20,mh_demo_140,ph_demo_20
U19,U20,ph_demo_193,paired_demo_53
U19,U20,mg_demo_3706,paired_demo_59
U19,U20,mg_demo_2477,mh_demo_195
U19,U20,paired_demo_191,paired_demo_59
U19,U20,mg_demo_3106,mh_demo_40
U19,U20,mg_demo_3390,mh_demo_195
U19,U20,paired_demo_171,ph_demo_44
U19,U20,paired_demo_171,ph_demo_7
U19,U20,mg_demo_3706,ph_demo_196
U19,U20,mh_demo_195,mh_demo_44
U19,U20,ph_demo_116,ph_demo_196
U19,U20,mg_demo_3864,paired_demo_43
U19,U20,mg_demo_3362,ph_demo_33
U19,U20,mh_demo_44,ph_demo_15
U19,U20,mh_demo_140,ph_demo_33
U19,U20,paired_demo_123,ph_demo_196
U19,U20,ph_demo_116,ph_demo_15
U19,U20,mg_demo_3390,mh_demo_2
U19,U20,ph_demo_193,mh_demo_140
U19,U20,paired_demo_59,ph_demo_33
U19,U20,mg_demo_2477,mg_demo_3864
U19,U20,ph_demo_13,mh_demo_140
U19,U20,mh_demo_2,paired_demo_191
U19,U20,ph_demo_116,mh_demo_140
U19,U20,mg_demo_3106,mh_demo_44
U19,U20,mg_demo_3864,paired_demo_47
U19,U20,mg_demo_3362,mg_demo_3864
U19,U20,ph_demo_13,ph_demo_196
U19,U20,mh_demo_26,paired_demo_53
U19,U20,paired_demo_43,mh_demo_44
U19,U20,mh_demo_26,mh_demo_40
U19,U20,mh_demo_26,paired_demo_73
U19,U20,mg_demo_3106,ph_demo_15
U19,U20,mg_demo_2477,paired_demo_47
U19,U20,ph_demo_44,ph_demo_33
U19,U20,paired_demo_171,paired_demo_191
U19,U20,paired_demo_73,paired_demo_59
U19,U20,mh_demo_140,mh_demo_44
U19,U20,mg_demo_3390,ph_demo_20
U19,U20,mg_demo_3390,mh_demo_26
U19,U20,paired_demo_171,paired_demo_47
U19,U20,paired_demo_43,paired_demo_37
U19,U20,paired_demo_47,ph_demo_33
U19,U20,mg_demo_3864,mh_demo_44
U19,U20,mg_demo_2477,ph_demo_116
U19,U20,mg_demo_3864,ph_demo_44
U19,U20,ph_demo_193,ph_demo_7
U19,U20,mg_demo_3864,paired_demo_59
U19,U20,mg_demo_3362,ph_demo_116
U19,U20,ph_demo_15,ph_demo_33
U19,U20,ph_demo_13,mh_demo_195
U19,U20,paired_demo_171,paired_demo_73
U19,U20,paired_demo_43,mh_demo_140
U19,U20,paired_demo_47,ph_demo_196
U19,U20,mg_demo_3362,ph_demo_15
U19,U20,paired_demo_53,mh_demo_195
U19,U20,mh_demo_44,paired_demo_37
U19,U20,paired_demo_43,mh_demo_2
U19,U20,paired_demo_191,ph_demo_15
U19,U20,mh_demo_140,paired_demo_191
U19,U20,ph_demo_44,paired_demo_47
U19,U20,ph_demo_13,ph_demo_7
U19,U20,mg_demo_3706,mg_demo_3106
U19,U20,ph_demo_7,paired_demo_191
U19,U20,paired_demo_37,ph_demo_15
U19,U20,mg_demo_2477,mg_demo_3706
U19,U20,mg_demo_3864,paired_demo_53
U19,U20,mh_demo_40,ph_demo_196
U19,U20,mg_demo_2477,paired_demo_171
U19,U20,mg_demo_3706,ph_demo_44
U19,U20,mg_demo_3106,paired_demo_171
U19,U20,mg_demo_2477,ph_demo_196
U19,U20,mh_demo_2,ph_demo_196
U19,U20,mg_demo_3390,mg_demo_3106
U19,U20,mh_demo_44,paired_demo_59
U19,U20,paired_demo_191,ph_demo_20
U19,U20,ph_demo_193,ph_demo_44
U19,U20,mg_demo_3362,paired_demo_53
U19,U20,ph_demo_44,paired_demo_191
U19,U20,mg_demo_3390,paired_demo_37
U19,U20,mg_demo_2477,mg_demo_3106
U19,U20,mh_demo_40,ph_demo_33
U19,U20,mh_demo_195,paired_demo_37
U19,U20,paired_demo_37,ph_demo_33
U19,U20,mg_demo_3106,mh_demo_140
U19,U20,paired_demo_53,mh_demo_40
U19,U20,mg_demo_3362,mh_demo_26
U19,U20,ph_demo_7,paired_demo_37
U19,U20,paired_demo_53,paired_demo_191
U19,U20,ph_demo_7,ph_demo_33
U19,U20,mh_demo_140,paired_demo_37
U19,U20,ph_demo_193,ph_demo_15
U19,U20,paired_demo_123,paired_demo_73
U19,U20,paired_demo_59,ph_demo_20
U19,U20,ph_demo_7,mh_demo_195
U19,U20,ph_demo_13,ph_demo_20
U19,U20,mh_demo_26,ph_demo_13
U19,U20,mg_demo_3706,ph_demo_15
U19,U20,mg_demo_3362,mh_demo_44
U19,U20,paired_demo_191,ph_demo_33
U19,U20,mh_demo_2,mh_demo_44
U19,U20,mg_demo_3362,mh_demo_2
U19,U20,paired_demo_53,mh_demo_2
U21,U22,paired_demo_123,paired_demo_191
U21,U22,mg_demo_3106,ph_demo_7
U21,U22,mg_demo_3390,paired_demo_53
U21,U22,paired_demo_73,mh_demo_2
U21,U22,mg_demo_3706,mg_demo_3864
U21,U22,mg_demo_2477,mg_demo_3390
U21,U22,paired_demo_43,ph_demo_15
U21,U22,ph_demo_116,paired_demo_191
U21,U22,paired_demo_43,paired_demo_73
U21,U22,mh_demo_40,paired_demo_191
U21,U22,mg_demo_3864,mh_demo_2
U21,U22,mg_demo_3106,ph_demo_20
U21,U22,mh_demo_26,ph_demo_44
U21,U22,paired_demo_53,paired_demo_59
U21,U22,mg_demo_3706,paired_demo_191
U21,U22,paired_demo_53,ph_demo_20
U21,U22,mh_demo_26,paired_demo_59
U21,U22,mg_demo_3864,paired_demo_123
U21,U22,ph_demo_13,ph_demo_116
U21,U22,mg_demo_3106,paired_demo_53
U21,U22,mh_demo_195,ph_demo_20
U21,U22,mg_demo_3362,ph_demo_20
U21,U22,mh_demo_40,mh_demo_2
U21,U22,mh_demo_140,ph_demo_196
U21,U22,mg_demo_3362,ph_demo_44
U21,U22,mg_demo_2477,mh_demo_44
U21,U22,mg_demo_3864,ph_demo_15
U21,U22,mh_demo_26,paired_demo_123
U21,U22,paired_demo_73,ph_demo_33
U21,U22,mg_demo_3864,mh_demo_140
U21,U22,ph_demo_193,ph_demo_20
U21,U22,paired_demo_171,ph_demo_20
U21,U22,mg_demo_3864,mh_demo_195
U21,U22,mg_demo_3390,ph_demo_13
U21,U22,mh_demo_40,ph_demo_15
U21,U22,mg_demo_3864,ph_demo_116
U21,U22,mg_demo_3706,mh_demo_40
U21,U22,paired_demo_123,paired_demo_53
U21,U22,mg_demo_3706,paired_demo_43
U21,U22,ph_demo_116,paired_demo_59
U21,U22,mg_demo_3706,ph_demo_13
U21,U22,paired_demo_73,paired_demo_191
U21,U22,mh_demo_40,paired_demo_37
U21,U22,paired_demo_123,paired_demo_171
U21,U22,mh_demo_26,mh_demo_140
U21,U22,paired_demo_171,ph_demo_196
U21,U22,ph_demo_15,ph_demo_20
U21,U22,mg_demo_3706,paired_demo_53
U21,U22,paired_demo_73,paired_demo_47
U21,U22,paired_demo_37,ph_demo_20
U21,U22,ph_demo_193,mh_demo_40
U21,U22,mg_demo_3362,ph_demo_13
U21,U22,paired_demo_53,mh_demo_140
U21,U22,mg_demo_3390,paired_demo_73
U21,U22,paired_demo_43,ph_demo_7
U21,U22,mh_demo_26,mh_demo_195
U21,U22,mg_demo_3390,mg_demo_3864
U21,U22,paired_demo_43,paired_demo_47
U21,U22,ph_demo_13,paired_demo_73
U21,U22,paired_demo_123,paired_demo_37
U21,U22,mh_demo_26,mh_demo_2
U21,U22,paired_demo_171,mh_demo_195
U21,U22,mg_demo_3106,mh_demo_195
U21,U22,mg_demo_3864,paired_demo_191
U21,U22,ph_demo_7,paired_demo_47
U21,U22,mg_demo_3390,ph_demo_33
U21,U22,mh_demo_26,ph_demo_20
U21,U22,mh_demo_195,ph_demo_33
U21,U22,ph_demo_193,ph_demo_116
U21,U22,mg_demo_2477,paired_demo_37
U21,U22,mh_demo_40,mh_demo_44
U21,U22,paired_demo_53,ph_demo_44
U21,U22,mg_demo_3864,ph_demo_33
U21,U22,paired_demo_43,mh_demo_195
U21,U22,mg_demo_3864,ph_demo_7
U21,U22,mg_demo_3106,paired_demo_191
U21,U22,paired_demo_123,ph_demo_7
U21,U22,mh_demo_44,paired_demo_191
U21,U22,mg_demo_2477,ph_demo_13
U21,U22,ph_demo_44,mh_demo_195
U21,U22,mg_demo_3706,ph_demo_20
U21,U22,mg_demo_3362,ph_demo_7
U21,U22,mh_demo_26,paired_demo_171
U21,U22,mg_demo_2477,mg_demo_3362
U21,U22,paired_demo_73,ph_demo_116
U21,U22,paired_demo_123,mh_demo_195
U21,U22,mg_demo_3390,ph_demo_196
U21,U22,mg_demo_3706,ph_demo_33
U21,U22,mg_demo_3390,paired_demo_59
U21,U22,paired_demo_171,mh_demo_2
U21,U22,paired_demo_43,paired_demo_191
U21,U22,ph_demo_13,mh_demo_2
U21,U22,mh_demo_26,ph_demo_15
U21,U22,mg_demo_3706,paired_demo_47
U21,U22,mg_demo_2477,mh_demo_40
U21,U22,ph_demo_193,mh_demo_44
U21,U22,mh_demo_26,paired_demo_37
U21,U22,ph_demo_193,paired_demo_47
U21,U22,paired_demo_191,paired_demo_47
U21,U22,paired_demo_171,mh_demo_40
U21,U22,mg_demo_3106,paired_demo_73
U21,U22,paired_demo_171,ph_demo_15
U21,U22,mg_demo_3390,mh_demo_40
U21,U22,mg_demo_2477,ph_demo_193
U21,U22,mg_demo_3362,paired_demo_191
U23,U24,mg_demo_3864,mh_demo_40
U23,U24,mg_demo_3864,paired_demo_73
U23,U24,paired_demo_53,paired_demo_47
U23,U24,ph_demo_193,paired_demo_123
U23,U24,mh_demo_140,mh_demo_2
U23,U24,ph_demo_116,mh_demo_2
U23,U24,mg_demo_3864,mg_demo_3106
U23,U24,ph_demo_7,mh_demo_2
U23,U24,mh_demo_140,mh_demo_195
U23,U24,mg_demo_3362,mh_demo_195
U23,U24,paired_demo_123,ph_demo_20
U23,U24,mh_demo_44,ph_demo_33
U23,U24,mh_demo_26,paired_demo_43
U23,U24,paired_demo_73,ph_demo_196
U23,U24,paired_demo_53,ph_demo_196
U23,U24,paired_demo_123,mh_demo_44
U23,U24,paired_demo_53,ph_demo_7
U23,U24,mg_demo_3362,paired_demo_43
U23,U24,mg_demo_3864,paired_demo_171
U23,U24,ph_demo_116,mh_demo_44
U23,U24,ph_demo_13,paired_demo_43
U23,U24,ph_demo_7,ph_demo_20
U23,U24,mg_demo_3362,paired_demo_73
U23,U24,mh_demo_195,paired_demo_191
U23,U24,ph_demo_44,ph_demo_196
U23,U24,paired_demo_171,paired_demo_53
U23,U24,mg_demo_3106,ph_demo_116
U23,U24,mg_demo_3362,mg_demo_3390
U23,U24,mg_demo_2477,paired_demo_191
U23,U24,mg_demo_3362,mg_demo_3706
U23,U24,paired_demo_47,paired_demo_59
U23,U24,mg_demo_3864,mh_demo_26
U23,U24,mg_demo_3106,paired_demo_43
U23,U24,mg_demo_3106,ph_demo_13
U23,U24,paired_demo_43,ph_demo_196
U23,U24,mg_demo_3390,ph_demo_116
U23,U24,mg_demo_2477,ph_demo_7
U23,U24,mg_demo_3106,ph_demo_44
U23,U24,paired_demo_37,ph_demo_196
U23,U24,paired_demo_123,paired_demo_43
U23,U24,mh_demo_195,paired_demo_47
U23,U24,mh_demo_44,paired_demo_47
U23,U24,ph_demo_116,paired_demo_47
U23,U24,paired_demo_123,ph_demo_116
U23,U24,mh_demo_40,ph_demo_116
U23,U24,ph_demo_116,ph_demo_20
U23,U24,mg_demo_2477,paired_demo_59
U23,U24,ph_demo_44,ph_demo_15
U23,U24,mg_demo_3106,paired_demo_59
U23,U24,mg_demo_3362,mh_demo_140
U23,U24,mg_demo_3390,mh_demo_140
U23,U24,mg_demo_3362,paired_demo_123
U23,U24,mg_demo_3362,paired_demo_37
U23,U24,mg_demo_3864,paired_demo_37
U23,U24,ph_demo_193,mh_demo_2
U23,U24,mg_demo_3106,paired_demo_47
U23,U24,mg_demo_3706,mh_demo_140
U23,U24,mg_demo_2477,ph_demo_20
U23,U24,mg_demo_3390,ph_demo_15
U23,U24,mg_demo_2477,ph_demo_15
U23,U24,mh_demo_195,ph_demo_196
U23,U24,paired_demo_123,ph_demo_15
U23,U24,mg_demo_3106,paired_demo_123
U23,U24,ph_demo_193,paired_demo_191
U23,U24,ph_demo_13,paired_demo_53
U23,U24,paired_demo_73,ph_demo_20
U23,U24,mg_demo_3362,paired_demo_171
U23,U24,ph_demo_44,paired_demo_37
U23,U24,mg_demo_3106,paired_demo_37
U23,U24,ph_demo_13,paired_demo_191
U23,U24,ph_demo_13,ph_demo_193
U23,U24,mh_demo_26,ph_demo_33
U23,U24,mg_demo_3706,ph_demo_116
U23,U24,ph_demo_13,paired_demo_59
U23,U24,mg_demo_3106,ph_demo_196
U23,U24,ph_demo_13,ph_demo_15
U23,U24,mh_demo_40,paired_demo_59
U23,U24,mh_demo_140,paired_demo_59
U23,U24,ph_demo_7,ph_demo_116
U23,U24,paired_demo_43,ph_demo_33
U23,U24,ph_demo_196,ph_demo_20
U23,U24,paired_demo_43,paired_demo_53
U23,U24,ph_demo_7,ph_demo_196
U23,U24,mh_demo_44,ph_demo_196
U23,U24,mh_demo_40,paired_demo_47
U23,U24,mg_demo_3106,ph_demo_193
U23,U24,ph_demo_20,ph_demo_33
U23,U24,paired_demo_171,ph_demo_116
U23,U24,mg_demo_3390,mh_demo_44
U23,U24,ph_demo_13,ph_demo_44
U23,U24,mh_demo_26,paired_demo_191
U23,U24,ph_demo_44,ph_demo_20
U23,U24,paired_demo_53,ph_demo_116
U23,U24,ph_demo_13,mh_demo_44
U23,U24,ph_demo_13,paired_demo_47
U23,U24,paired_demo_191,ph_demo_196
U23,U24,ph_demo_193,paired_demo_43
U23,U24,paired_demo_191,paired_demo_37
U23,U24,mh_demo_40,mh_demo_140
U23,U24,paired_demo_171,ph_demo_33
U23,U24,paired_demo_73,mh_demo_40
U23,U24,mg_demo_3390,paired_demo_123
U23,U24,mg_demo_3864,ph_demo_193
U23,U24,paired_demo_43,mh_demo_40
U23,U24,mh_demo_2,ph_demo_15
U25,U26,paired_demo_37,paired_demo_47
U25,U26,mh_demo_195,mh_demo_2
U25,U26,mh_demo_2,ph_demo_33
U25,U26,paired_demo_123,paired_demo_59
U25,U26,paired_demo_43,ph_demo_44
U25,U26,paired_demo_43,ph_demo_116
U25,U26,paired_demo_53,ph_demo_33
U25,U26,ph_demo_44,ph_demo_116
U25,U26,mg_demo_3706,mh_demo_195
U25,U26,paired_demo_171,paired_demo_37
U25,U26,mh_demo_44,ph_demo_20
U25,U26,mg_demo_3864,ph_demo_13
U25,U26,mg_demo_3362,paired_demo_59
U25,U26,mg_demo_3390,paired_demo_43
U25,U26,paired_demo_73,paired_demo_37
U25,U26,mg_demo_3864,ph_demo_196
U25,U26,ph_demo_193,ph_demo_33
U25,U26,paired_demo_73,mh_demo_195
U25,U26,mg_demo_3390,ph_demo_44
U25,U26,ph_demo_13,paired_demo_37
U25,U26,ph_demo_7,ph_demo_15
U25,U26,paired_demo_43,ph_demo_20
U25,U26,paired_demo_53,paired_demo_73
U25,U26,mg_demo_2477,ph_demo_33
U25,U26,ph_demo_193,paired_demo_171
U25,U26,paired_demo_73,ph_demo_44
U25,U26,mg_demo_3706,mh_demo_44
U25,U26,ph_demo_44,mh_demo_44
U25,U26,mh_demo_26,mh_demo_44
U25,U26,mg_demo_3390,mg_demo_3706
U25,U26,mg_demo_2477,ph_demo_44
U25,U26,ph_demo_13,paired_demo_171
U25,U26,ph_demo_193,paired_demo_73
U25,U26,ph_demo_13,mh_demo_40
U25,U26,paired_demo_123,ph_demo_33
U25,U26,mg_demo_3390,paired_demo_191
U25,U26,paired_demo_37,paired_demo_59
U25,U26,mh_demo_26,paired_demo_47
U25,U26,mh_demo_26,ph_demo_116
U25,U26,mg_demo_3362,paired_demo_47
U25,U26,ph_demo_7,mh_demo_40
U25,U26,mg_demo_3106,mh_demo_26
U25,U26,mg_demo_3706,mh_demo_2
U25,U26,ph_demo_7,mh_demo_44
U25,U26,mh_demo_2,paired_demo_59
U25,U26,paired_demo_37,ph_demo_15
U25,U26,mg_demo_3390,ph_demo_15
U25,U26,mg_demo_3864,paired_demo_53
U25,U26,mh_demo_44,paired_demo_47
U25,U26,paired_demo_53,ph_demo_20
U25,U26,mg_demo_3864,mg_demo_3106
U25,U26,mg_demo_3706,paired_demo_73
U25,U26,paired_demo_123,paired_demo_171
U25,U26,mg_demo_3390,mg_demo_3864
U25,U26,mg_demo_3390,ph_demo_20
U25,U26,ph_demo_116,mh_demo_195
U25,U26,paired_demo_171,paired_demo_53
U25,U26,paired_demo_171,paired_demo_73
U25,U26,mg_demo_3106,mh_demo_2
U25,U26,paired_demo_43,paired_demo_47
U25,U26,paired_demo_123,paired_demo_53
U25,U26,ph_demo_44,ph_demo_196
U25,U26,mg_demo_3864,ph_demo_116
U25,U26,mg_demo_3106,mh_demo_140
U25,U26,mh_demo_26,paired_demo_191
U25,U26,paired_demo_171,paired_demo_59
U25,U26,paired_demo_43,paired_demo_59
U25,U26,mh_demo_2,ph_demo_20
U25,U26,mh_demo_40,paired_demo_47
U25,U26,ph_demo_116,paired_demo_37
U25,U26,ph_demo_44,paired_demo_37
U25,U26,mg_demo_3706,mh_demo_140
U25,U26,mg_demo_2477,mg_demo_3390
U25,U26,mg_demo_3706,mg_demo_3106
U25,U26,ph_demo_13,ph_demo_15
U25,U26,mg_demo_2477,mh_demo_40
U25,U26,ph_demo_193,paired_demo_37
U25,U26,ph_demo_7,paired_demo_191
U25,U26,ph_demo_13,ph_demo_20
U25,U26,mg_demo_3362,mh_demo_40
U25,U26,paired_demo_43,mh_demo_195
U25,U26,paired_demo_171,ph_demo_33
U25,U26,ph_demo_7,ph_demo_20
U25,U26,ph_demo_193,ph_demo_20
U25,U26,paired_demo_53,paired_demo_47
U25,U26,mh_demo_140,paired_demo_37
U25,U26,mg_demo_3106,ph_demo_196
U25,U26,mh_demo_26,ph_demo_7
U25,U26,mg_demo_3390,paired_demo_171
U25,U26,mg_demo_3706,mg_demo_3864
U25,U26,mg_demo_3864,paired_demo_37
U25,U26,ph_demo_193,paired_demo_191
U25,U26,mg_demo_3106,paired_demo_73
U25,U26,mg_demo_3390,ph_demo_116
U25,U26,ph_demo_7,ph_demo_196
U25,U26,paired_demo_73,ph_demo_15
U25,U26,paired_demo_59,ph_demo_33
U25,U26,mg_demo_3362,ph_demo_7
U25,U26,mg_demo_3706,ph_demo_13
U25,U26,ph_demo_44,ph_demo_20
U25,U26,paired_demo_53,paired_demo_59
U25,U26,mg_demo_3106,ph_demo_193
U25,U26,mh_demo_2,mh_demo_44
U25,U26,mg_demo_3106,paired_demo_59
U25,U26,mg_demo_3362,mg_demo_3864
U27,U28,mh_demo_195,paired_demo_47
U27,U28,mg_demo_2477,paired_demo_171
U27,U28,ph_demo_193,ph_demo_196
U27,U28,ph_demo_7,paired_demo_37
U27,U28,paired_demo_53,paired_demo_73
U27,U28,mh_demo_140,mh_demo_44
U27,U28,mh_demo_26,paired_demo_171
U27,U28,mg_demo_2477,paired_demo_47
U27,U28,mg_demo_3362,mh_demo_140
U27,U28,mg_demo_3106,mh_demo_44
U27,U28,mh_demo_40,mh_demo_44
U27,U28,mg_demo_2477,mh_demo_140
U27,U28,mg_demo_2477,mh_demo_26
U27,U28,mg_demo_3362,paired_demo_37
U27,U28,mh_demo_26,ph_demo_116
U27,U28,mg_demo_3864,paired_demo_171
U27,U28,mg_demo_3706,ph_demo_15
U27,U28,paired_demo_123,paired_demo_59
U27,U28,mh_demo_44,paired_demo_37
U27,U28,paired_demo_123,ph_demo_116
U27,U28,ph_demo_193,paired_demo_43
U27,U28,paired_demo_191,paired_demo_37
U27,U28,ph_demo_116,paired_demo_191
U27,U28,mg_demo_3362,ph_demo_15
U27,U28,mh_demo_40,mh_demo_195
U27,U28,mh_demo_26,mh_demo_140
U27,U28,mh_demo_195,mh_demo_44
U27,U28,ph_demo_13,paired_demo_171
U27,U28,mg_demo_3706,mh_demo_44
U27,U28,mh_demo_26,ph_demo_33
U27,U28,ph_demo_193,ph_demo_44
U27,U28,mg_demo_3706,ph_demo_196
U27,U28,ph_demo_13,paired_demo_73
U27,U28,mh_demo_26,paired_demo_47
U27,U28,ph_demo_193,paired_demo_73
U27,U28,paired_demo_73,ph_demo_116
U27,U28,paired_demo_123,mh_demo_140
U27,U28,paired_demo_123,ph_demo_7
U27,U28,mh_demo_2,ph_demo_196
U27,U28,paired_demo_171,paired_demo_191
U27,U28,ph_demo_13,mh_demo_2
U27,U28,paired_demo_73,mh_demo_40
U27,U28,mh_demo_44,ph_demo_196
U27,U28,mg_demo_3362,ph_demo_193
U27,U28,paired_demo_43,ph_demo_20
U27,U28,mg_demo_3864,mh_demo_26
U27,U28,mh_demo_195,ph_demo_33
U27,U28,paired_demo_53,ph_demo_33
U27,U28,paired_demo_37,ph_demo_20
U27,U28,paired_demo_191,ph_demo_196
U27,U28,mh_demo_44,paired_demo_59
U27,U28,mg_demo_3390,ph_demo_193
U27,U28,ph_demo_116,mh_demo_44
U27,U28,ph_demo_13,paired_demo_191
U27,U28,ph_demo_193,paired_demo_123
U27,U28,mh_demo_26,mh_demo_195
U27,U28,mg_demo_2477,paired_demo_53
U27,U28,paired_demo_123,paired_demo_47
U27,U28,mg_demo_3864,paired_demo_43
U27,U28,mg_demo_3390,paired_demo_59
U27,U28,mg_demo_3706,paired_demo_171
U27,U28,paired_demo_191,ph_demo_15
U27,U28,mg_demo_3106,ph_demo_44
U27,U28,mh_demo_40,mh_demo_140
U27,U28,mg_demo_3362,paired_demo_191
U27,U28,paired_demo_43,mh_demo_2
U27,U28,mh_demo_26,ph_demo_13
U27,U28,ph_demo_44,paired_demo_59
U27,U28,paired_demo_53,mh_demo_195
U27,U28,mg_demo_3362,ph_demo_20
U27,U28,ph_demo_193,paired_demo_53
U27,U28,paired_demo_43,ph_demo_44
U27,U28,ph_demo_7,ph_demo_116
U27,U28,mg_demo_3106,ph_demo_116
U27,U28,ph_demo_193,paired_demo_59
U27,U28,paired_demo_73,paired_demo_37
U27,U28,ph_demo_20,ph_demo_33
U27,U28,paired_demo_73,ph_demo_33
U27,U28,ph_demo_7,mh_demo_140
U27,U28,ph_demo_7,mh_demo_195
U27,U28,mh_demo_140,ph_demo_15
U27,U28,paired_demo_171,mh_demo_2
U27,U28,paired_demo_191,ph_demo_33
U27,U28,paired_demo_73,mh_demo_44
U27,U28,mh_demo_2,ph_demo_33
U27,U28,paired_demo_171,paired_demo_37
U27,U28,mh_demo_26,paired_demo_123
U27,U28,ph_demo_116,ph_demo_196
U27,U28,mg_demo_3390,mh_demo_26
U27,U28,paired_demo_171,mh_demo_40
U27,U28,paired_demo_171,mh_demo_195
U27,U28,paired_demo_43,paired_demo_191
U27,U28,mg_demo_2477,ph_demo_13
U27,U28,paired_demo_171,ph_demo_20
U27,U28,paired_demo_191,ph_demo_20
U27,U28,paired_demo_43,mh_demo_44
U27,U28,mh_demo_44,paired_demo_191
U27,U28,mg_demo_3362,paired_demo_73
U27,U28,mg_demo_3362,paired_demo_53
U27,U28,mh_demo_140,paired_demo_191
U27,U28,mh_demo_40,paired_demo_59
U27,U28,mg_demo_3390,paired_demo_191
U27,U28,mg_demo_2477,mh_demo_44
U27,U28,ph_demo_116,mh_demo_2
U27,U28,mg_demo_3706,mh_demo_40
U29,U30,ph_demo_193,mh_demo_40
U29,U30,paired_demo_47,paired_demo_59
U29,U30,ph_demo_13,mh_demo_40
U29,U30,mh_demo_26,mh_demo_2
U29,U30,ph_demo_44,ph_demo_7
U29,U30,paired_demo_53,paired_demo_191
U29,U30,paired_demo_73,paired_demo_59
U29,U30,ph_demo_44,mh_demo_40
U29,U30,mh_demo_140,ph_demo_196
U29,U30,mg_demo_2477,paired_demo_123
U29,U30,mg_demo_3864,ph_demo_193
U29,U30,mg_demo_3106,paired_demo_47
U29,U30,mg_demo_3390,mh_demo_140
U29,U30,mg_demo_2477,ph_demo_196
U29,U30,mg_demo_3390,ph_demo_7
U29,U30,mg_demo_3106,ph_demo_33
U29,U30,ph_demo_13,paired_demo_59
U29,U30,mg_demo_3106,mh_demo_195
U29,U30,paired_demo_59,ph_demo_20
U29,U30,mh_demo_26,paired_demo_53
U29,U30,mg_demo_3362,mg_demo_3106
U29,U30,ph_demo_13,paired_demo_53
U29,U30,mg_demo_3362,mh_demo_26
U29,U30,ph_demo_13,ph_demo_7
U29,U30,mh_demo_40,ph_demo_116
U29,U30,mg_demo_3106,mh_demo_26
U29,U30,mg_demo_3362,mh_demo_195
U29,U30,ph_demo_13,paired_demo_43
U29,U30,paired_demo_171,ph_demo_116
U29,U30,paired_demo_43,paired_demo_53
U29,U30,mh_demo_44,ph_demo_20
U29,U30,mg_demo_3864,paired_demo_123
U29,U30,mg_demo_3390,mh_demo_2
U29,U30,paired_demo_73,paired_demo_191
U29,U30,mg_demo_3106,paired_demo_191
U29,U30,paired_demo_53,ph_demo_7
U29,U30,ph_demo_15,ph_demo_196
U29,U30,mg_demo_3106,mh_demo_40
U29,U30,ph_demo_13,ph_demo_196
U29,U30,mg_demo_3362,mh_demo_2
U29,U30,mg_demo_2477,ph_demo_15
U29,U30,paired_demo_123,ph_demo_196
U29,U30,mh_demo_2,paired_demo_47
U29,U30,mg_demo_3106,ph_demo_7
U29,U30,ph_demo_193,ph_demo_15
U29,U30,paired_demo_73,ph_demo_20
U29,U30,mg_demo_3106,paired_demo_43
U29,U30,mg_demo_3390,mg_demo_3706
U29,U30,mg_demo_3362,paired_demo_171
U29,U30,paired_demo_53,mh_demo_2
U29,U30,mg_demo_3362,ph_demo_33
U29,U30,paired_demo_123,paired_demo_191
U29,U30,ph_demo_13,ph_demo_116
U29,U30,mg_demo_3706,mh_demo_195
U29,U30,paired_demo_171,ph_demo_15
U29,U30,mg_demo_3864,paired_demo_59
U29,U30,mh_demo_26,ph_demo_15
U29,U30,ph_demo_193,ph_demo_116
U29,U30,ph_demo_116,ph_demo_33
U29,U30,mg_demo_3706,mh_demo_2
U29,U30,ph_demo_196,ph_demo_20
U29,U30,mg_demo_3864,mh_demo_40
U29,U30,paired_demo_171,mh_demo_44
U29,U30,mg_demo_3362,paired_demo_59
U29,U30,ph_demo_44,ph_demo_15
U29,U30,paired_demo_43,paired_demo_73
U29,U30,paired_demo_73,mh_demo_2
U29,U30,paired_demo_43,paired_demo_37
U29,U30,ph_demo_7,paired_demo_59
U29,U30,paired_demo_123,mh_demo_195
U29,U30,paired_demo_47,ph_demo_20
U29,U30,ph_demo_116,paired_demo_59
U29,U30,ph_demo_15,ph_demo_33
U29,U30,ph_demo_7,paired_demo_47
U29,U30,paired_demo_73,mh_demo_140
U29,U30,mg_demo_3390,paired_demo_43
U29,U30,mg_demo_2477,mg_demo_3864
U29,U30,paired_demo_37,paired_demo_47
U29,U30,mg_demo_2477,ph_demo_7
U29,U30,mg_demo_2477,paired_demo_37
U29,U30,mg_demo_3362,ph_demo_116
U29,U30,mg_demo_3864,paired_demo_191
U29,U30,mh_demo_195,paired_demo_59
U29,U30,mg_demo_2477,mg_demo_3106
U29,U30,paired_demo_123,ph_demo_20
U29,U30,ph_demo_44,mh_demo_44
U29,U30,mh_demo_140,mh_demo_195
U29,U30,paired_demo_171,paired_demo_47
U29,U30,ph_demo_193,mh_demo_44
U29,U30,paired_demo_43,ph_demo_7
U29,U30,mg_demo_3706,ph_demo_33
U29,U30,mg_demo_3390,ph_demo_44
U29,U30,mg_demo_2477,paired_demo_73
U29,U30,paired_demo_123,ph_demo_44
U29,U30,mg_demo_3390,mh_demo_40
U29,U30,ph_demo_13,mh_demo_44
U29,U30,mg_demo_3706,paired_demo_53
U29,U30,ph_demo_193,mh_demo_140
U29,U30,paired_demo_171,paired_demo_43
U29,U30,mg_demo_3362,mg_demo_3390
U29,U30,mg_demo_3362,paired_demo_47
U29,U30,ph_demo_15,ph_demo_20
U29,U30,ph_demo_116,paired_demo_47
U29,U30,mh_demo_40,mh_demo_2
U29,U30,mh_demo_44,ph_demo_15
U31,U32,mg_demo_3362,mg_demo_3706
U31,U32,mh_demo_26,ph_demo_193
U31,U32,mg_demo_2477,paired_demo_43
U31,U32,mg_demo_3864,paired_demo_47
U31,U32,paired_demo_53,ph_demo_15
U31,U32,mg_demo_3864,ph_demo_13
U31,U32,mg_demo_3390,paired_demo_47
U31,U32,mg_demo_3362,ph_demo_196
U31,U32,paired_demo_123,ph_demo_33
U31,U32,mh_demo_2,ph_demo_15
U31,U32,paired_demo_53,mh_demo_44
U31,U32,ph_demo_7,ph_demo_15
U31,U32,ph_demo_193,ph_demo_33
U31,U32,paired_demo_43,ph_demo_15
U31,U32,mg_demo_3390,paired_demo_53
U31,U32,mg_demo_3106,ph_demo_13
U31,U32,ph_demo_193,mh_demo_195
U31,U32,paired_demo_53,mh_demo_40
U31,U32,mg_demo_3390,mg_demo_3106
U31,U32,mg_demo_3362,paired_demo_123
U31,U32,paired_demo_37,paired_demo_59
U31,U32,mg_demo_3864,ph_demo_33
U31,U32,mg_demo_3362,ph_demo_13
U31,U32,mg_demo_3706,ph_demo_44
U31,U32,paired_demo_43,mh_demo_40
U31,U32,ph_demo_44,mh_demo_140
U31,U32,paired_demo_123,mh_demo_44
U31,U32,mh_demo_26,ph_demo_196
U31,U32,mg_demo_3864,ph_demo_44
U31,U32,paired_demo_47,ph_demo_33
U31,U32,paired_demo_73,ph_demo_44
U31,U32,mg_demo_3106,paired_demo_37
U31,U32,ph_demo_116,ph_demo_15
U31,U32,mg_demo_3706,ph_demo_20
U31,U32,mh_demo_140,ph_demo_20
U31,U32,ph_demo_7,mh_demo_44
U31,U32,mg_demo_2477,paired_demo_59
U31,U32,mg_demo_3106,paired_demo_123
U31,U32,paired_demo_59,ph_demo_15
U31,U32,mh_demo_195,ph_demo_20
U31,U32,mg_demo_3362,paired_demo_43
U31,U32,mg_demo_3706,paired_demo_37
U31,U32,paired_demo_171,ph_demo_196
U31,U32,ph_demo_13,paired_demo_123
U31,U32,mh_demo_26,mh_demo_44
U31,U32,ph_demo_116,ph_demo_20
U31,U32,ph_demo_13,mh_demo_140
U31,U32,mg_demo_3106,ph_demo_20
U31,U32,mg_demo_2477,paired_demo_191
U31,U32,mh_demo_195,ph_demo_196
U31,U32,mh_demo_195,paired_demo_191
U31,U32,mg_demo_3706,paired_demo_191
U31,U32,mg_demo_2477,ph_demo_20
U31,U32,paired_demo_123,mh_demo_2
U31,U32,paired_demo_37,ph_demo_196
U31,U32,paired_demo_73,ph_demo_196
U31,U32,mh_demo_40,ph_demo_15
U31,U32,ph_demo_193,ph_demo_7
U31,U32,mg_demo_3390,mh_demo_195
U31,U32,mh_demo_195,ph_demo_15
U31,U32,mg_demo_3106,paired_demo_53
U31,U32,paired_demo_43,ph_demo_33
U31,U32,mg_demo_3864,ph_demo_7
U31,U32,mg_demo_3390,paired_demo_73
U31,U32,mh_demo_26,paired_demo_37
U31,U32,paired_demo_53,ph_demo_44
U31,U32,paired_demo_123,paired_demo_43
U31,U32,paired_demo_191,paired_demo_47
U31,U32,mh_demo_26,paired_demo_73
U31,U32,paired_demo_191,paired_demo_59
U31,U32,mg_demo_3390,ph_demo_196
U31,U32,paired_demo_59,ph_demo_196
U31,U32,mg_demo_3106,paired_demo_171
U31,U32,mg_demo_3706,paired_demo_47
U31,U32,ph_demo_13,paired_demo_47
U31,U32,mg_demo_3390,ph_demo_33
U31,U32,mh_demo_195,mh_demo_2
U31,U32,paired_demo_43,mh_demo_140
U31,U32,mh_demo_140,mh_demo_2
U31,U32,mg_demo_2477,mh_demo_2
U31,U32,paired_demo_171,ph_demo_7
U31,U32,ph_demo_44,paired_demo_47
U31,U32,mg_demo_3706,ph_demo_193
U31,U32,paired_demo_53,ph_demo_196
U31,U32,ph_demo_193,mh_demo_2
U31,U32,ph_demo_13,ph_demo_33
U31,U32,mg_demo_3706,paired_demo_123
U31,U32,mg_demo_3864,ph_demo_196
U31,U32,mh_demo_26,ph_demo_44
U31,U32,mh_demo_195,paired_demo_37
U31,U32,mg_demo_2477,mh_demo_195
U31,U32,mg_demo_3864,mh_demo_140
U31,U32,ph_demo_196,ph_demo_33
U31,U32,mg_demo_2477,mg_demo_3706
U31,U32,mh_demo_40,ph_demo_33
U31,U32,ph_demo_193,paired_demo_47
U31,U32,mg_demo_3390,paired_demo_123
U31,U32,paired_demo_43,ph_demo_196
U31,U32,mg_demo_3864,mh_demo_44
U31,U32,mh_demo_40,paired_demo_37
U31,U32,mg_demo_3864,paired_demo_73
U31,U32,mg_demo_3706,ph_demo_7
U31,U32,mg_demo_3390,mh_demo_44
U31,U32,paired_demo_43,ph_demo_116
U31,U32,ph_demo_193,paired_demo_171
U33,U34,ph_demo_7,mh_demo_2
U33,U34,mh_demo_26,paired_demo_43
U33,U34,mg_demo_3362,mh_demo_44
U33,U34,paired_demo_73,paired_demo_47
U33,U34,mh_demo_140,paired_demo_59
U33,U34,ph_demo_13,paired_demo_37
U33,U34,mg_demo_3706,paired_demo_59
U33,U34,mg_demo_2477,ph_demo_44
U33,U34,mg_demo_2477,ph_demo_116
U33,U34,mg_demo_3864,ph_demo_20
U33,U34,mg_demo_3706,paired_demo_43
U33,U34,mh_demo_2,paired_demo_37
U33,U34,mg_demo_3706,ph_demo_116
U33,U34,paired_demo_73,ph_demo_7
U33,U34,paired_demo_37,ph_demo_33
U33,U34,paired_demo_53,paired_demo_37
U33,U34,mg_demo_2477,ph_demo_193
U33,U34,mh_demo_140,ph_demo_33
U33,U34,paired_demo_73,mh_demo_195
U33,U34,ph_demo_13,mh_demo_195
U33,U34,paired_demo_171,ph_demo_44
U33,U34,mg_demo_3362,ph_demo_44
U33,U34,mg_demo_3106,ph_demo_15
U33,U34,mh_demo_2,paired_demo_59
U33,U34,mh_demo_26,paired_demo_59
U33,U34,paired_demo_123,paired_demo_37
U33,U34,mh_demo_40,paired_demo_191
U33,U34,ph_demo_44,paired_demo_191
U33,U34,paired_demo_123,ph_demo_15
U33,U34,ph_demo_13,ph_demo_193
U33,U34,paired_demo_123,paired_demo_73
U33,U34,paired_demo_53,ph_demo_116
U33,U34,ph_demo_7,ph_demo_33
U33,U34,mh_demo_26,mh_demo_40
U33,U34,mg_demo_3390,paired_demo_37
U33,U34,mg_demo_3864,mh_demo_2
U33,U34,ph_demo_44,mh_demo_2
U33,U34,paired_demo_123,mh_demo_40
U33,U34,mh_demo_2,paired_demo_191
U33,U34,mh_demo_40,ph_demo_196
U33,U34,mg_demo_3864,ph_demo_15
U33,U34,mg_demo_3864,mh_demo_195
U33,U34,ph_demo_44,ph_demo_33
U33,U34,ph_demo_44,ph_demo_116
U33,U34,mh_demo_26,ph_demo_20
U33,U34,ph_demo_13,ph_demo_44
U33,U34,mh_demo_40,ph_demo_20
U33,U34,mg_demo_3706,mh_demo_26
U33,U34,paired_demo_171,mh_demo_140
U33,U34,ph_demo_7,mh_demo_40
U33,U34,paired_demo_47,ph_demo_15
U33,U34,mg_demo_2477,mg_demo_3362
U33,U34,mh_demo_140,paired_demo_47
U33,U34,paired_demo_53,mh_demo_140
U33,U34,paired_demo_47,ph_demo_196
U33,U34,mg_demo_3390,ph_demo_13
U33,U34,mh_demo_44,ph_demo_33
U33,U34,ph_demo_44,mh_demo_195
U33,U34,ph_demo_116,mh_demo_140
U33,U34,mg_demo_2477,ph_demo_33
U33,U34,ph_demo_193,mh_demo_2
U33,U34,paired_demo_191,ph_demo_33
U33,U34,paired_demo_53,mh_demo_44
U33,U34,ph_demo_44,mh_demo_44
U33,U34,mg_demo_3864,paired_demo_73
U33,U34,paired_demo_123,paired_demo_53
U33,U34,mg_demo_3106,paired_demo_73
U33,U34,ph_demo_13,ph_demo_7
U33,U34,paired_demo_73,paired_demo_59
U33,U34,paired_demo_37,ph_demo_15
U33,U34,paired_demo_171,paired_demo_43
U33,U34,mh_demo_26,paired_demo_123
U33,U34,mg_demo_2477,ph_demo_15
U33,U34,mg_demo_3864,paired_demo_47
U33,U34,mh_demo_26,ph_demo_44
U33,U34,paired_demo_123,mh_demo_2
U33,U34,mh_demo_44,ph_demo_15
U33,U34,paired_demo_123,paired_demo_43
U33,U34,mg_demo_3864,ph_demo_7
U33,U34,paired_demo_43,ph_demo_7
U33,U34,ph_demo_13,mh_demo_2
U33,U34,paired_demo_123,paired_demo_47
U33,U34,mg_demo_2477,mh_demo_44
U33,U34,mg_demo_3390,ph_demo_15
U33,U34,paired_demo_123,paired_demo_191
U33,U34,mh_demo_26,ph_demo_7
U33,U34,mg_demo_3390,paired_demo_59
U33,U34,mg_demo_3390,mh_demo_140
U33,U34,ph_demo_193,paired_demo_73
U33,U34,mh_demo_26,ph_demo_33
U33,U34,mg_demo_2477,mh_demo_2
U33,U34,mg_demo_2477,paired_demo_73
U33,U34,mg_demo_2477,mh_demo_26
U33,U34,paired_demo_53,paired_demo_47
U33,U34,mg_demo_3106,ph_demo_193
U33,U34,mg_demo_2477,mh_demo_195
U33,U34,paired_demo_43,mh_demo_44
U33,U34,paired_demo_123,ph_demo_7
U33,U34,mg_demo_3362,ph_demo_15
U33,U34,ph_demo_116,ph_demo_15
U33,U34,paired_demo_191,ph_demo_196
U33,U34,mh_demo_40,ph_demo_33
U33,U34,mh_demo_2,paired_demo_47
U33,U34,mg_demo_3390,mh_demo_44
U33,U34,mg_demo_3106,paired_demo_123
U35,U36,mh_demo_140,mh_demo_195
U35,U36,mg_demo_3864,mh_demo_2
U35,U36,mg_demo_3390,paired_demo_53
U35,U36,mg_demo_3706,mh_demo_195
U35,U36,mg_demo_3362,mg_demo_3706
U35,U36,mh_demo_40,ph_demo_116
U35,U36,mg_demo_3106,paired_demo_47
U35,U36,mh_demo_140,ph_demo_196
U35,U36,ph_demo_13,paired_demo_59
U35,U36,mh_demo_40,paired_demo_191
U35,U36,mh_demo_26,ph_demo_15
U35,U36,ph_demo_7,ph_demo_20
U35,U36,paired_demo_171,mh_demo_140
U35,U36,mg_demo_3106,mh_demo_44
U35,U36,paired_demo_171,paired_demo_59
U35,U36,mg_demo_3362,paired_demo_37
U35,U36,ph_demo_44,ph_demo_20
U35,U36,paired_demo_59,ph_demo_33
U35,U36,mh_demo_40,mh_demo_140
U35,U36,paired_demo_37,paired_demo_47
U35,U36,mh_demo_44,ph_demo_20
U35,U36,mg_demo_3390,ph_demo_44
U35,U36,mh_demo_26,ph_demo_13
U35,U36,mg_demo_3106,paired_demo_59
U35,U36,ph_demo_7,mh_demo_2
U35,U36,mh_demo_44,paired_demo_191
U35,U36,paired_demo_123,paired_demo_73
U35,U36,mg_demo_3864,paired_demo_123
U35,U36,ph_demo_13,paired_demo_73
U35,U36,ph_demo_116,mh_demo_195
U35,U36,paired_demo_171,mh_demo_2
U35,U36,mg_demo_3864,ph_demo_196
U35,U36,paired_demo_123,mh_demo_44
U35,U36,ph_demo_196,ph_demo_20
U35,U36,ph_demo_193,ph_demo_15
U35,U36,paired_demo_73,ph_demo_196
U35,U36,ph_demo_13,paired_demo_47
U35,U36,paired_demo_43,mh_demo_195
U35,U36,mg_demo_2477,paired_demo_191
U35,U36,paired_demo_53,ph_demo_44
U35,U36,mg_demo_3390,paired_demo_191
U35,U36,ph_demo_116,paired_demo_47
U35,U36,paired_demo_43,paired_demo_59
U35,U36,mg_demo_3864,mh_demo_140
U35,U36,mg_demo_2477,ph_demo_13
U35,U36,mg_demo_3706,mh_demo_44
U35,U36,mg_demo_3390,mh_demo_195
U35,U36,mg_demo_3106,paired_demo_191
U35,U36,paired_demo_123,mh_demo_40
U35,U36,paired_demo_191,paired_demo_47
U35,U36,mh_demo_140,ph_demo_15
U35,U36,mg_demo_3706,paired_demo_59
U35,U36,ph_demo_13,paired_demo_53
U35,U36,mg_demo_3706,mh_demo_2
U35,U36,mg_demo_3106,paired_demo_53
U35,U36,mg_demo_3362,paired_demo_47
U35,U36,mh_demo_26,paired_demo_191
U35,U36,mg_demo_3706,ph_demo_20
U35,U36,ph_demo_116,mh_demo_44
U35,U36,mg_demo_3864,ph_demo_33
U35,U36,mh_demo_2,paired_demo_59
U35,U36,mg_demo_3706,paired_demo_191
U35,U36,ph_demo_13,ph_demo_116
U35,U36,ph_demo_13,paired_demo_43
U35,U36,paired_demo_123,paired_demo_171
U35,U36,paired_demo_53,ph_demo_15
U35,U36,mg_demo_2477,mg_demo_3706
U35,U36,ph_demo_13,ph_demo_33
U35,U36,ph_demo_196,ph_demo_33
U35,U36,ph_demo_193,paired_demo_123
U35,U36,mg_demo_2477,ph_demo_196
U35,U36,paired_demo_123,mh_demo_195
U35,U36,mg_demo_3706,ph_demo_15
U35,U36,mg_demo_2477,paired_demo_37
U35,U36,ph_demo_13,mh_demo_195
U35,U36,paired_demo_171,ph_demo_116
U35,U36,mh_demo_44,paired_demo_59
U35,U36,ph_demo_13,paired_demo_37
U35,U36,mg_demo_3390,mg_demo_3106
U35,U36,ph_demo_7,paired_demo_47
U35,U36,ph_demo_15,ph_demo_196
U35,U36,paired_demo_171,ph_demo_33
U35,U36,mh_demo_140,paired_demo_47
U35,U36,mg_demo_2477,mh_demo_40
U35,U36,mg_demo_3106,mh_demo_140
U35,U36,ph_demo_20,ph_demo_33
U35,U36,ph_demo_44,ph_demo_33
U35,U36,mg_demo_3362,mg_demo_3390
U35,U36,paired_demo_123,paired_demo_59
U35,U36,mh_demo_2,ph_demo_15
U35,U36,mg_demo_3390,paired_demo_47
U35,U36,ph_demo_13,ph_demo_44
U35,U36,paired_demo_43,paired_demo_53
U35,U36,ph_demo_193,ph_demo_33
U35,U36,ph_demo_193,paired_demo_171
U35,U36,mg_demo_3106,ph_demo_44
U35,U36,ph_demo_193,paired_demo_47
U35,U36,mg_demo_3706,ph_demo_44
U35,U36,mg_demo_3864,mh_demo_44
U35,U36,mg_demo_2477,paired_demo_47
U35,U36,mh_demo_40,paired_demo_37
U35,U36,mg_demo_2477,mg_demo_3390
U35,U36,paired_demo_59,ph_demo_196
U35,U36,mg_demo_3706,paired_demo_43
U35,U36,mg_demo_3706,mh_demo_26
U37,U38,paired_demo_37,ph_demo_196
U37,U38,mh_demo_26,mh_demo_44
U37,U38,mg_demo_3362,paired_demo_43
U37,U38,mg_demo_3362,mh_demo_195
U37,U38,mg_demo_3864,ph_demo_13
U37,U38,mh_demo_26,ph_demo_196
U37,U38,paired_demo_59,ph_demo_15
U37,U38,paired_demo_191,ph_demo_20
U37,U38,paired_demo_171,paired_demo_37
U37,U38,mh_demo_26,paired_demo_171
U37,U38,paired_demo_53,mh_demo_40
U37,U38,mg_demo_3106,mh_demo_2
U37,U38,ph_demo_193,ph_demo_20
U37,U38,mg_demo_3362,paired_demo_53
U37,U38,ph_demo_15,ph_demo_33
U37,U38,mg_demo_2477,ph_demo_44
U37,U38,mh_demo_2,mh_demo_44
U37,U38,mh_demo_140,ph_demo_20
U37,U38,mg_demo_3864,mh_demo_195
U37,U38,mg_demo_3864,paired_demo_191
U37,U38,mg_demo_3390,mg_demo_3706
U37,U38,mg_demo_3864,ph_demo_193
U37,U38,paired_demo_73,ph_demo_15
U37,U38,mg_demo_2477,paired_demo_171
U37,U38,mh_demo_2,paired_demo_37
U37,U38,paired_demo_47,ph_demo_196
U37,U38,paired_demo_191,paired_demo_37
U37,U38,paired_demo_47,ph_demo_33
U37,U38,paired_demo_73,ph_demo_116
U37,U38,mg_demo_3106,ph_demo_20
U37,U38,mg_demo_3390,paired_demo_171
U37,U38,mg_demo_3706,ph_demo_7
U37,U38,paired_demo_73,paired_demo_37
U37,U38,ph_demo_116,ph_demo_20
U37,U38,mh_demo_195,paired_demo_37
U37,U38,mg_demo_3390,ph_demo_20
U37,U38,mg_demo_3864,mh_demo_26
U37,U38,mg_demo_3362,mh_demo_140
U37,U38,paired_demo_73,ph_demo_44
U37,U38,paired_demo_43,ph_demo_44
U37,U38,mg_demo_2477,ph_demo_20
U37,U38,mg_demo_3706,mh_demo_40
U37,U38,mg_demo_3706,ph_demo_116
U37,U38,mh_demo_44,paired_demo_47
U37,U38,paired_demo_43,paired_demo_37
U37,U38,ph_demo_116,mh_demo_140
U37,U38,ph_demo_44,mh_demo_40
U37,U38,ph_demo_44,ph_demo_116
U37,U38,paired_demo_123,ph_demo_116
U37,U38,mg_demo_2477,paired_demo_123
U37,U38,mg_demo_3362,mg_demo_3106
U37,U38,ph_demo_116,ph_demo_196
U37,U38,mg_demo_3390,ph_demo_116
U37,U38,mg_demo_3706,paired_demo_53
U37,U38,paired_demo_171,mh_demo_195
U37,U38,ph_demo_116,paired_demo_59
U37,U38,mh_demo_140,paired_demo_59
U37,U38,mg_demo_3362,mh_demo_44
U37,U38,mg_demo_2477,mg_demo_3106
U37,U38,mg_demo_3706,paired_demo_47
U37,U38,mg_demo_3106,mh_demo_26
U37,U38,paired_demo_37,ph_demo_20
U37,U38,paired_demo_171,mh_demo_44
U37,U38,mg_demo_3362,ph_demo_20
U37,U38,ph_demo_193,mh_demo_44
U37,U38,mh_demo_195,ph_demo_20
U37,U38,mg_demo_3390,mg_demo_3864
U37,U38,mg_demo_3864,paired_demo_53
U37,U38,ph_demo_193,paired_demo_43
U37,U38,mg_demo_3390,ph_demo_196
U37,U38,paired_demo_43,mh_demo_2
U37,U38,mh_demo_195,ph_demo_196
U37,U38,mh_demo_40,ph_demo_15
U37,U38,mg_demo_3864,ph_demo_116
U37,U38,mh_demo_2,paired_demo_191
U37,U38,mg_demo_3106,ph_demo_13
U37,U38,paired_demo_53,mh_demo_2
U37,U38,mh_demo_26,paired_demo_37
U37,U38,mg_demo_3864,ph_demo_20
U37,U38,paired_demo_171,paired_demo_73
U37,U38,mg_demo_3706,paired_demo_123
U37,U38,mg_demo_2477,paired_demo_53
U37,U38,mg_demo_3706,paired_demo_37
U37,U38,ph_demo_13,paired_demo_191
U37,U38,mg_demo_3706,paired_demo_171
U37,U38,paired_demo_123,ph_demo_33
U37,U38,mh_demo_2,ph_demo_196
U37,U38,paired_demo_53,paired_demo_73
U37,U38,ph_demo_13,paired_demo_171
U37,U38,paired_demo_53,paired_demo_191
U37,U38,paired_demo_43,ph_demo_33
U37,U38,mg_demo_2477,ph_demo_33
U37,U38,paired_demo_59,ph_demo_20
U37,U38,ph_demo_44,ph_demo_196
U37,U38,mg_demo_3390,ph_demo_193
U37,U38,ph_demo_13,mh_demo_40
U37,U38,mg_demo_3106,paired_demo_37
U37,U38,mg_demo_2477,mg_demo_3864
U37,U38,mg_demo_3390,paired_demo_43
U37,U38,mg_demo_3390,mh_demo_2
U37,U38,mh_demo_26,mh_demo_40
U37,U38,mg_demo_3706,ph_demo_193
U37,U38,mh_demo_140,paired_demo_191
U37,U38,mh_demo_195,mh_demo_2
U37,U38,mh_demo_26,paired_demo_47
U39,U40,mg_demo_3106,ph_demo_196
U39,U40,ph_demo_44,mh_demo_195
U39,U40,paired_demo_171,ph_demo_20
U39,U40,paired_demo_43,mh_demo_140
U39,U40,mh_demo_40,paired_demo_59
U39,U40,ph_demo_193,paired_demo_191
U39,U40,paired_demo_171,ph_demo_196
U39,U40,ph_demo_7,mh_demo_40
U39,U40,ph_demo_7,paired_demo_191
U39,U40,mg_demo_3706,ph_demo_196
U39,U40,mh_demo_26,mh_demo_195
U39,U40,paired_demo_171,mh_demo_40
U39,U40,mg_demo_3106,mh_demo_195
U39,U40,paired_demo_171,ph_demo_7
U39,U40,paired_demo_171,paired_demo_47
U39,U40,mg_demo_2477,paired_demo_43
U39,U40,ph_demo_193,ph_demo_196
U39,U40,mg_demo_3362,paired_demo_73
U39,U40,mh_demo_2,ph_demo_33
U39,U40,mg_demo_3864,paired_demo_59
U39,U40,paired_demo_123,ph_demo_20
U39,U40,mh_demo_26,paired_demo_73
U39,U40,paired_demo_191,paired_demo_59
U39,U40,ph_demo_193,mh_demo_195
U39,U40,paired_demo_43,ph_demo_116
U39,U40,mg_demo_2477,ph_demo_116
U39,U40,ph_demo_44,mh_demo_140
U39,U40,paired_demo_43,mh_demo_40
U39,U40,mg_demo_3106,ph_demo_116
U39,U40,mh_demo_44,paired_demo_37
U39,U40,mg_demo_3706,ph_demo_33
U39,U40,mg_demo_3706,mg_demo_3106
U39,U40,ph_demo_44,paired_demo_37
U39,U40,mg_demo_3362,mh_demo_2
U39,U40,mg_demo_3362,paired_demo_59
U39,U40,ph_demo_7,ph_demo_116
U39,U40,paired_demo_53,mh_demo_195
U39,U40,paired_demo_73,paired_demo_191
U39,U40,ph_demo_7,mh_demo_140
U39,U40,mg_demo_3864,ph_demo_44
U39,U40,paired_demo_191,ph_demo_15
U39,U40,mg_demo_3362,mg_demo_3864
U39,U40,mh_demo_40,ph_demo_20
U39,U40,paired_demo_73,ph_demo_7
U39,U40,ph_demo_44,paired_demo_59
U39,U40,mh_demo_26,paired_demo_59
U39,U40,ph_demo_7,paired_demo_37
U39,U40,mh_demo_195,mh_demo_44
U39,U40,mg_demo_3106,ph_demo_33
U39,U40,ph_demo_193,paired_demo_59
U39,U40,paired_demo_171,ph_demo_44
U39,U40,ph_demo_193,ph_demo_44
U39,U40,paired_demo_43,paired_demo_191
U39,U40,paired_demo_53,ph_demo_196
U39,U40,paired_demo_43,ph_demo_15
U39,U40,ph_demo_193,mh_demo_140
U39,U40,paired_demo_53,ph_demo_7
U39,U40,mg_demo_3864,paired_demo_43
U39,U40,mg_demo_3106,ph_demo_7
U39,U40,ph_demo_7,ph_demo_15
U39,U40,mh_demo_26,ph_demo_20
U39,U40,paired_demo_73,mh_demo_40
U39,U40,mg_demo_3390,ph_demo_33
U39,U40,ph_demo_15,ph_demo_20
U39,U40,mg_demo_3864,paired_demo_171
U39,U40,mg_demo_3362,ph_demo_116
U39,U40,paired_demo_37,ph_demo_33
U39,U40,mh_demo_2,ph_demo_20
U39,U40,paired_demo_53,mh_demo_140
U39,U40,mg_demo_3390,paired_demo_37
U39,U40,ph_demo_44,paired_demo_191
U39,U40,paired_demo_53,paired_demo_37
U39,U40,paired_demo_53,ph_demo_20
U39,U40,paired_demo_73,mh_demo_44
U39,U40,mg_demo_2477,ph_demo_193
U39,U40,mh_demo_140,paired_demo_37
U39,U40,mh_demo_26,ph_demo_116
U39,U40,ph_demo_116,paired_demo_37
U39,U40,mg_demo_2477,paired_demo_59
U39,U40,ph_demo_116,paired_demo_191
U39,U40,ph_demo_13,ph_demo_20
U39,U40,mg_demo_3362,ph_demo_44
U39,U40,mh_demo_40,mh_demo_44
U39,U40,paired_demo_73,ph_demo_33
U39,U40,paired_demo_47,ph_demo_20
U39,U40,paired_demo_123,ph_demo_15
U39,U40,mg_demo_3390,mh_demo_26
U39,U40,paired_demo_37,paired_demo_59
U39,U40,mh_demo_195,paired_demo_47
U39,U40,ph_demo_7,mh_demo_44
U39,U40,mg_demo_3864,ph_demo_15
U39,U40,ph_demo_193,mh_demo_40
U39,U40,mg_demo_3362,mh_demo_40
U39,U40,mg_demo_3362,paired_demo_171
U39,U40,mh_demo_140,ph_demo_33
U39,U40,ph_demo_13,ph_demo_193
U39,U40,mh_demo_26,ph_demo_193
U39,U40,paired_demo_73,mh_demo_195
U39,U40,paired_demo_73,mh_demo_140
U39,U40,mg_demo_3362,ph_demo_7
U39,U40,paired_demo_171,paired_demo_191
U39,U40,paired_demo_53,ph_demo_33
U39,U40,paired_demo_43,paired_demo_73
U39,U40,mh_demo_44,ph_demo_33
U39,U40,ph_demo_44,paired_demo_47
U41,U42,mh_demo_195,paired_demo_59
U41,U42,mg_demo_2477,mh_demo_140
U41,U42,mg_demo_3362,ph_demo_13
U41,U42,mg_demo_3106,paired_demo_171
U41,U42,mh_demo_195,paired_demo_191
U41,U42,mh_demo_44,ph_demo_196
U41,U42,mh_demo_40,mh_demo_2
U41,U42,mg_demo_3362,ph_demo_33
U41,U42,paired_demo_53,ph_demo_116
U41,U42,paired_demo_123,paired_demo_37
U41,U42,paired_demo_47,ph_demo_15
U41,U42,mg_demo_3362,paired_demo_191
U41,U42,mh_demo_26,mh_demo_2
U41,U42,mg_demo_3106,paired_demo_43
U41,U42,ph_demo_7,mh_demo_195
U41,U42,mh_demo_40,ph_demo_196
U41,U42,ph_demo_13,ph_demo_196
U41,U42,paired_demo_73,paired_demo_47
U41,U42,ph_demo_7,ph_demo_196
U41,U42,paired_demo_73,mh_demo_2
U41,U42,mg_demo_3390,paired_demo_73
U41,U42,mh_demo_195,ph_demo_15
U41,U42,mh_demo_40,paired_demo_47
U41,U42,mg_demo_3362,ph_demo_196
U41,U42,paired_demo_53,paired_demo_59
U41,U42,ph_demo_44,mh_demo_2
U41,U42,mg_demo_3362,mh_demo_26
U41,U42,mh_demo_40,mh_demo_195
U41,U42,ph_demo_13,ph_demo_15
U41,U42,paired_demo_47,paired_demo_59
U41,U42,mg_demo_2477,mg_demo_3362
U41,U42,paired_demo_123,ph_demo_196
U41,U42,mg_demo_3864,mg_demo_3106
U41,U42,paired_demo_43,paired_demo_47
U41,U42,mg_demo_3106,ph_demo_15
U41,U42,paired_demo_73,ph_demo_20
U41,U42,mg_demo_3390,ph_demo_7
U41,U42,mh_demo_26,paired_demo_43
U41,U42,mg_demo_3362,ph_demo_193
U41,U42,mg_demo_3864,mh_demo_40
U41,U42,mg_demo_3390,mh_demo_40
U41,U42,paired_demo_171,paired_demo_53
U41,U42,ph_demo_193,ph_demo_116
U41,U42,mg_demo_3864,paired_demo_37
U41,U42,mg_demo_3390,ph_demo_13
U41,U42,paired_demo_123,ph_demo_44
U41,U42,mg_demo_3390,paired_demo_123
U41,U42,mh_demo_26,paired_demo_53
U41,U42,ph_demo_7,ph_demo_33
U41,U42,mh_demo_140,mh_demo_2
U41,U42,ph_demo_13,mh_demo_44
U41,U42,paired_demo_123,mh_demo_140
U41,U42,ph_demo_44,ph_demo_15
U41,U42,mh_demo_195,ph_demo_33
U41,U42,mg_demo_3106,mh_demo_40
U41,U42,mg_demo_3706,paired_demo_73
U41,U42,ph_demo_193,ph_demo_7
U41,U42,mg_demo_2477,ph_demo_7
U41,U42,ph_demo_44,ph_demo_7
U41,U42,ph_demo_7,paired_demo_59
U41,U42,ph_demo_116,mh_demo_2
U41,U42,mh_demo_140,mh_demo_44
U41,U42,ph_demo_193,paired_demo_53
U41,U42,mh_demo_26,mh_demo_140
U41,U42,ph_demo_193,paired_demo_37
U41,U42,paired_demo_43,ph_demo_196
U41,U42,ph_demo_13,paired_demo_123
U41,U42,mg_demo_3706,mh_demo_140
U41,U42,mg_demo_3706,mg_demo_3864
U41,U42,mg_demo_3706,ph_demo_13
U41,U42,ph_demo_13,mh_demo_140
U41,U42,mg_demo_3362,paired_demo_123
U41,U42,paired_demo_171,ph_demo_15
U41,U42,ph_demo_116,ph_demo_33
U41,U42,paired_demo_43,ph_demo_20
U41,U42,mg_demo_3390,ph_demo_44
U41,U42,paired_demo_123,ph_demo_7
U41,U42,mg_demo_3362,paired_demo_43
U41,U42,ph_demo_116,paired_demo_191
U41,U42,mg_demo_2477,ph_demo_20
U41,U42,mg_demo_3390,paired_demo_59
U41,U42,paired_demo_53,ph_demo_20
U41,U42,paired_demo_43,paired_demo_37
U41,U42,mg_demo_2477,mg_demo_3390
U41,U42,mg_demo_2477,ph_demo_116
U41,U42,mg_demo_3362,mh_demo_44
U41,U42,paired_demo_123,paired_demo_171
U41,U42,mg_demo_2477,ph_demo_196
U41,U42,ph_demo_193,paired_demo_171
U41,U42,mh_demo_44,paired_demo_59
U41,U42,mg_demo_2477,paired_demo_47
U41,U42,mg_demo_3362,paired_demo_37
U41,U42,mh_demo_140,ph_demo_15
U41,U42,ph_demo_193,paired_demo_47
U41,U42,mg_demo_3864,mh_demo_44
U41,U42,ph_demo_13,paired_demo_191
U41,U42,ph_demo_193,ph_demo_20
U41,U42,mh_demo_2,ph_demo_196
U41,U42,ph_demo_13,paired_demo_73
U41,U42,mh_demo_40,paired_demo_37
U41,U42,paired_demo_43,mh_demo_40
U41,U42,paired_demo_43,ph_demo_116
U41,U42,ph_demo_116,paired_demo_37
U41,U42,paired_demo_43,mh_demo_195
U41,U42,mg_demo_3362,paired_demo_59
